source,source_id,url,title,brand,model,cpu,ram_gb,storage_gb,gpu,screen_size_in,price_idr,original_price_idr,condition,seller_name,seller_rating,seller_num_reviews,seller_is_official,sold_count,location,scraped_at,is_suspected_scam,scam_reasons
tokopedia,103175613088,https://www.tokopedia.com/royalltech/laptop-asus-vivobook-f1504vap-intel-core-i5-120u-i5-1235u-16gb-512gb-ssd-15-6-fhd-ips-windows-11-f1504za-f1502za-1730412882049598967-1734913183835784695?extParam=ivf%3Dfalse%26keyword%3Dlaptop+asus%26search_id%3D20260827091825C203D8A151612A0B562U%26src%3Dsearch,Laptop ASUS Vivobook F1504VAP Intel Core i5-120U 16GB 512GB SSD 15.6”FHD IPS Windows 11 – F1504ZA / F1502ZA,Asus,,,,512,,,11309000,,new,royalltech,4.6,,False,,Jakarta Utara,2026-08-27T09:18:34.398829,False,
tokopedia,2481667294,https://www.tokopedia.com/teknotrend/laptop-gaming-asus-tuf-gaming-a15-fa506ncr-ryzen-7-7435hs-rtx3050-512gb-15-6-fhd-144hz-ohs-2024-1731262210477688770?extParam=ivf%3Dfalse%26keyword%3Dlaptop+asus%26search_id%3D20260827091825C203D8A151612A0B562U%26src%3Dsearch,Payday SALE Laptop Gaming Asus TUF A16 FA607NUQ-R745GYG-HM Ryzen 7-170 16GB 512GB 16″ FHD+ W11+OH24+M365 Mecha Gray,Asus,,M3,,,,7.0,21302500,,new,TeknoTrend ID,5.0,,False,,Jakarta Pusat,2026-08-27T09:18:34.399011,False,
tokopedia,103772938546,https://www.tokopedia.com/gateway/asus-vivobook-go-14-ryzen-3-7320u-8gb-512gb-ssd-windows-11-office-14-0-fhd-e1404fa-laptop-sekolah-kerja-kuliah-1729885440520848821-1737125716294206901?extParam=ivf%3Dfalse%26keyword%3Dlaptop+asus%26search_id%3D20260827091825C203D8A151612A0B562U%26src%3Dsearch,"ASUS VIVOBOOK GO 14 E1404FA RYZEN 3 7320 8GB 512GB W11+OHS+M365B 14"" FHD VIPS LAPTOP",Asus,,RYZEN 3 7320,,,,14.0,9389000,,new,Gateway Indonesia Comp,5.0,,False,,Jakarta Utara,2026-08-27T09:18:34.399098,False,
tokopedia,16489294854,https://www.tokopedia.com/gameridsurabaya/laptop-asus-vivobook-14-a1407qa-snapdragon-x-x1-26100-ram-16-gb-ssd-512-gb-windows-11-office-home-student-14-wuxga-1731051158758066131?extParam=ivf%3Dfalse%26keyword%3Dlaptop+asus%26search_id%3D20260827091825C203D8A151612A0B562U%26src%3Dsearch,"Laptop ASUS Vivobook 14 A1407QA Snapdragon X X1 26100 RAM 16 GB SSD 512 GB Windows 11 + Office Home Student 14"" WUXGA",Asus,,,16,512,,14.0,11029000,,new,Gamer ID Surabaya,5.0,,False,,Surabaya,2026-08-27T09:18:34.399192,False,
tokopedia,103629770816,https://www.tokopedia.com/gateway/hp-pc-aio-24-core-ultra-5-225u-16gb-512gb-ssd-w11-ohs-m365-23-8-inch-fhd-ips-cr2566d-1732747109624153525-1736701194363504053?extParam=ivf%3Dfalse%26keyword%3Dlaptop+asus%26search_id%3D20260827091825C203D8A151612A0B562U%26src%3Dsearch,"ASUS TUF GAMING A16 FA607NUQ RYZEN 7 170 RTX4050 32GB 1TB W11+OHS+M365B 16"" FHD+ IPS LAPTOP GAMING",Asus,,M3,,,,7.0,22619000,,new,Gateway Indonesia Comp,5.0,,False,,Jakarta Utara,2026-08-27T09:18:34.399277,False,
tokopedia,103460841222,https://www.tokopedia.com/herlinacom/laptop-asus-vivobook-14-a1404vap-intel-core-i7-150u-ram-16gb-ssd-1tb-win-11-ohs-14-0fhd-ips-garansi-resmi-1733620005736383886-1735961438475945358?extParam=ivf%3Dtrue%26keyword%3Dlaptop+asus%26search_id%3D20260827091825C203D8A151612A0B562U%26src%3Dsearch,Laptop Asus Vivobook 14 A1404VAP Intel Core I7 150U RAM 16GB SSD 1TB Win 11+OHS 14.0FHD IPS Garansi Resmi,Asus,,,16,,,,16069000,,new,Herlinacom,5.0,,False,,Depok,2026-08-27T09:18:34.399393,False,
tokopedia,103568217966,https://www.tokopedia.com/gateway/asus-zenbook-14-oled-um3402ya-touch-ryzen-7-7730-ryzen-5-7530-16gb-1tb-ssd-w11-14-inch-2-8k-1729899868308407733-1736464321747846581?extParam=ivf%3Dfalse%26keyword%3Dlaptop+asus%26search_id%3D20260827091825C203D8A151612A0B562U%26src%3Dsearch,"ASUS VIVOBOOK 15 F1504ZA TOUCH CORE I7 1255 16GB 512GB W11 15.6"" FHD IPS LAPTOP",Asus,,,,,,15.6,12149000,,new,Gateway Indonesia Comp,5.0,,False,,Jakarta Utara,2026-08-27T09:18:34.399478,False,
tokopedia,100520669093,https://www.tokopedia.com/gateway/asus-vivobook-s16-flip-oled-tp3604va-touch-core-i5-1335-16gb-1tb-ssd-w11-16-fhd-1731478598664095157?extParam=ivf%3Dfalse%26keyword%3Dlaptop+asus%26search_id%3D20260827091825C203D8A151612A0B562U%26src%3Dsearch,"ASUS VIVOBOOK S16 FLIP OLED TP3604VA TOUCH CORE I5 1335 16GB 1TB W11 16"" FHD IPS LAPTOP",Asus,,,,,,16.0,11829000,,new,Gateway Indonesia Comp,5.0,,False,,Jakarta Utara,2026-08-27T09:18:34.399560,False,
tokopedia,15584270889,https://www.tokopedia.com/asusrogindonesia/laptop-asus-tuf-a16-fa607nug-ryzen-7-7445hs-rtx4050-6gb-16gb-512gb-w11-ohs-m365b-ips-gry-r745j6m-hm-1730769219834447498?extParam=ivf%3Dfalse%26keyword%3Dlaptop+asus%26search_id%3D20260827091825C203D8A151612A0B562U%26src%3Dsearch,Laptop ASUS TUF A16 FA607NUG RYZEN 7 7445HS RTX4050 6GB/ 16GB 512GB W11+OHS+M365B IPS GRY -R745J6M-HM,Asus,,RYZEN 7 7445HS,,,,7.0,22379000,,new,ASUS ROG Indonesia,5.0,,False,,Jakarta Utara,2026-08-27T09:18:34.399639,False,
tokopedia,100292160099,https://www.tokopedia.com/teknotrend/laptop-asus-vivobook-s14-s3407qa-snapdragon-x-x1-26-qualcomm-adreno-gpu-16gb-512gb-14inch-ohs24-1731354787170584514?extParam=ivf%3Dfalse%26keyword%3Dlaptop+asus%26search_id%3D20260827091825C203D8A151612A0B562U%26src%3Dsearch,"Laptop ASUS VIVOBOOK S14 OLED M3407HA RYZEN 5 220 16GB 1TB W11+OHS+M365B 14"" WUXGA",Asus,,M3,,,,7.0,17332500,,new,TeknoTrend ID,5.0,,False,,Jakarta Pusat,2026-08-27T09:18:34.399718,False,
tokopedia,100281729921,https://www.tokopedia.com/teknotrend/laptop-asus-vivobook-14-a1404va-i3-1315u-8gb-512gb-14-fhd-ohs-w11-1731298410323806146?extParam=ivf%3Dtrue%26keyword%3Dlaptop+asus%26search_id%3D20260827091825C203D8A151612A0B562U%26src%3Dsearch,"Laptop Asus VIVOBOOK 14 A1404VA i3-1315U 8GB 512GB 14"" FHD OHS W11",Asus,,,,,,14.0,9939500,,new,TeknoTrend ID,5.0,,False,,Jakarta Pusat,2026-08-27T09:18:34.399791,False,
tokopedia,102055947014,https://www.tokopedia.com/alienwareofficial/asus-vivobook-14-m1405ya-ryzen-7-7730-ryzen-5-7430-x-e1404fa-ryzen-5-7520-ryzen-3-7320-16gb-512gb-ssd-w11-ohs-m365b-14-0-inch-laptop-ultrabook-notebook-cocok-untuk-admin-kerja-kuliah-sekolah-kantor-office-work-1732139452364326163?extParam=ivf%3Dfalse%26keyword%3Dlaptop+asus%26search_id%3D20260827091825C203D8A151612A0B562U%26src%3Dsearch,ASUS VIVOBOOK 14 M1405YA RYZEN 7 7730 RYZEN 5 7430 X E1404FA RYZEN 5 7520 RYZEN 3 7320 16GB 512GB SSD W11+OHS+M365B 14.0 INCH - LAPTOP ULTRABOOK NOTEBOOK COCOK UNTUK ADMIN KERJA KULIAH SEKOLAH KANTOR OFFICE WORK,Asus,,RYZEN 7 7730,,512,,14.0,9399000,,new,AI Official Store,5.0,,False,,Jakarta Utara,2026-08-27T09:18:34.399893,False,
tokopedia,103106494804,https://www.tokopedia.com/gateway/asus-tuf-gaming-a15-ryzen-7-7445hs-rtx3050-16gb-512gb-w11-office-15-6-inch-fhd-fa506ncg-1729962642812274101-1734690458514195893?extParam=ivf%3Dfalse%26keyword%3Dlaptop+asus%26search_id%3D20260827091825C203D8A151612A0B562U%26src%3Dsearch,"ASUS TUF GAMING A15 FA506NCG RYZEN 7 7445HS RTX3050 32GB 1TB W11+OHS+M365B 15.6"" FHD IPS LAPTOP GAMING",Asus,,RYZEN 7 7445HS,,,,6.0,14259000,,new,Gateway Indonesia Comp,5.0,,False,,Jakarta Utara,2026-08-27T09:18:34.399971,False,
tokopedia,103573992816,https://www.tokopedia.com/rogsstoreid/hp-pavilion-16-touch-core-ultra-5-125u-16gb-1tb-ssd-w11-ohs-16-wuxga-af0777tu-1736480563263210828?extParam=ivf%3Dfalse%26keyword%3Dlaptop+asus%26search_id%3D20260827091825C203D8A151612A0B562U%26src%3Dsearch,[LIMITED] ASUS ROG STRIX G18 G814FP RTX5070 AMD RYZEN 9 9955HX RAM 64GB SSD 2TB W11 18-INCH QHD IPS 240HZ LAPTOP GAMING,Asus,,RYZEN 9 9955HX,64,,,55.0,69999000,,new,ROGS STORE,5.0,,False,,Jakarta Utara,2026-08-27T09:18:34.400065,False,
tokopedia,102316114277,https://www.tokopedia.com/gateway/asus-zenbook-14-oled-um3406ha-touch-ryzen-7-8840-16gb-1tb-ssd-w11-14-inch-2-8k-1732626294180971957?extParam=ivf%3Dfalse%26keyword%3Dlaptop+asus%26search_id%3D20260827091825C203D8A151612A0B562U%26src%3Dsearch,ASUS ZENBOOK 14 OLED UM3406HA TOUCH RYZEN 7 8840 16GB 1TB SSD W11 14 INCH 2.8K LAPTOP,Asus,,RYZEN 7 8840,,,,6.0,17549000,,new,Gateway Indonesia Comp,5.0,,False,,Jakarta Utara,2026-08-27T09:18:34.400140,False,
tokopedia,102720378628,https://www.tokopedia.com/agresidjakut/asus-vivobook-a1404vap-core-i5-120u-24gb-1tb-ssd-w-11-ohs-14-0-fhd-1733682016849069650?extParam=ivf%3Dfalse%26keyword%3Dlaptop+asus%26search_id%3D20260827091825C203D8A151612A0B562U%26src%3Dsearch,[LAPTOP] ASUS VIVOBOOK 14 A1404VAP CORE I5 120U 16GB 512GB W11+OHS+M365B 14.0FHD VIPS GARANSI RESMI,Asus,,M3,,,,,12159000,,new,Agres ID Jakarta Utara,5.0,,False,,Jakarta Pusat,2026-08-27T09:18:34.400227,False,
tokopedia,103085210719,https://www.tokopedia.com/royalltech/laptop-asus-vivobook-14-a1404va-intel-core-i3-1315-ram-8gb-512gb-ssd-w11-ohs-m365b-14-0fhd-1734533246867244535?extParam=ivf%3Dfalse%26keyword%3Dlaptop+asus%26search_id%3D20260827091825C203D8A151612A0B562U%26src%3Dsearch,LAPTOP ASUS VIVOBOOK 14 A1404VA INTEL CORE I3 1315 RAM 8GB 512GB SSD W11+OHS+M365B 14.0FHD,Asus,,M3,8,512,,,9399000,,new,royalltech,5.0,,False,,Jakarta Utara,2026-08-27T09:18:34.400315,False,
tokopedia,102192921303,https://www.tokopedia.com/pusatgaminglaptop/laptop-asus-tuf-a15-fa506ncg-ryzen-7-7445hs-rtx3050-4gb-ram-16gb-ssd-512gb-windows-11-15-6-inc-full-hd-ips-1732372214747203257?extParam=ivf%3Dfalse%26keyword%3Dlaptop+asus%26search_id%3D20260827091825C203D8A151612A0B562U%26src%3Dsearch,LAPTOP ASUS TUF A15 FA506NCG RYZEN 7 7445HS RTX3050 4GB/ RAM 16GB SSD 512GB WINDOWS 11 15.6 INC FULL HD IPS,Asus,,RYZEN 7 7445HS,16,512,,6.0,14269000,,new,PUSAT GAMING LAPTOP,5.0,,False,,Bekasi,2026-08-27T09:18:34.400395,False,
tokopedia,102843711144,https://www.tokopedia.com/kingznotebook/laptop-asus-vivobook-14-a1404vap-core-5-120u-16gb-512gb-ssd-w11-ohs-14-fhd-ips-1733990122639230636?extParam=ivf%3Dfalse%26keyword%3Dlaptop+asus%26search_id%3D20260827091825C203D8A151612A0B562U%26src%3Dsearch,"Laptop Asus VivoBook 14 A1404VAP Core 5 120U 16GB 512GB SSD W11+OHS 14""FHD IPS",Asus,,,,512,,14.0,12209000,,new,Kingz Notebook,5.0,,False,,Jakarta Pusat,2026-08-27T09:18:34.400639,False,
tokopedia,102938427324,https://www.tokopedia.com/houseofit/laptop-tkdn-asus-expertbook-bg1409cva-s67850w-i7-1355u-8gb-512gb-w11-14fhd-asus-expertbook-b1-bg1409cva-s67850w-asus-bg1409cva-i7-1734212279282402785?extParam=ivf%3Dfalse%26keyword%3Dlaptop+asus%26search_id%3D20260827091825C203D8A151612A0B562U%26src%3Dsearch,Laptop TKDN ASUS ExpertBook BG1409CVA-S67850W i7 1355U 8GB 512GB W11 14FHD - ASUS EXPERTBOOK B1 BG1409CVA-S67850W - Asus BG1409CVA i7,Asus,,,,,,9.0,15999000,,new,House Of IT,5.0,,False,,Jakarta Pusat,2026-08-27T09:18:34.400727,False,
tokopedia,16258871485,https://www.tokopedia.com/gameridsurabaya/laptop-asus-rog-flow-z13-gz302ea-touch-amd-ryzen-ai-max-395-ram-32-64-gb-ssd-1tb-windows-11-office-home-student-13-4-2-k-180hz-1730870209371408339?extParam=ivf%3Dfalse%26keyword%3Dlaptop+asus%26search_id%3D20260827091825C203D8A151612A0B562U%26src%3Dsearch,"Laptop ASUS ROG Flow Z13 GZ302EA Touch AMD Ryzen AI Max+ 395 RAM 32 / 64 GB SSD 1TB Windows 11 + Office Home Student 13.4"" 2.K 180Hz",Asus,,,,,,13.4,45139000,,new,Gamer ID Surabaya,5.0,,False,,Surabaya,2026-08-27T09:18:34.400916,False,
tokopedia,14258016939,https://www.tokopedia.com/kingznotebook/laptop-asus-tuf-a15-fa506ncr-ryzen-7-7435hs-16gb-512gb-rtx3050-4gb-w11-ohs-15-6-fhd-notebook-1731005223645316780?extParam=ivf%3Dfalse%26keyword%3Dlaptop+asus%26search_id%3D20260827091825C203D8A151612A0B562U%26src%3Dsearch,"Laptop Asus Tuf A15 FA506NCG Ryzen 7 7445HS 16GB 512GB RTX3050 4GB W11+OHS 15.6"" FHD",Asus,,RYZEN 7 7445HS,,,,6.0,16879000,,new,Kingz Notebook,5.0,,False,,Jakarta Pusat,2026-08-27T09:18:34.400991,False,
tokopedia,103512776449,https://www.tokopedia.com/technosify/asus-expertbook-p5-p5405csa-nz7310ws-laptop-ultra-7-258v-1tb-32gb-lpddr5x-intel-arc-140v-14-wqxga-windows-11-home-office-2024-3-year-warranty-sleeve-1731876070260704679-1736187031784293799?extParam=ivf%3Dfalse%26keyword%3Dlaptop+asus%26search_id%3D20260827091825C203D8A151612A0B562U%26src%3Dsearch,"Asus Expertbook P5 P5405CSA NZ7310WS Laptop Ultra 7 258V 1TB 32GB LPDDR5X Intel Arc 140V 14"" WQXGA Windows 11 Home + Office 2024 - 3 Year Warranty + Sleeve",Asus,,,,,,5.0,26086655,,new,technosify,5.0,,False,,Surabaya,2026-08-27T09:18:34.401074,False,
tokopedia,2141499138,https://www.tokopedia.com/vortexindocomputer/asus-rog-240-watt-notebook-adapter-original-120cm-output-20-0v-12-0a-240-0w-dc-plug-type-6phi-zephyrus-srix-strix-scar-tuf-gaming-1729826449846470313?extParam=ivf%3Dfalse%26keyword%3Dlaptop+asus%26search_id%3D20260827091825C203D8A151612A0B562U%26src%3Dsearch,Laptop ASUS ExpertBook P1 (P1403) Core 5 210H 8GB 512GB Microsoft Office Home & Student 2024 3 Year,Asus,,,,,,10.0,13799000,,new,Vortexindo.Computer,5.0,,False,,Jakarta Pusat,2026-08-27T09:18:34.401148,False,
tokopedia,8177595222,https://www.tokopedia.com/zxcomputer/laptop-asus-a1404va-x1404va-intel-core-i5-1334u-8gb-512gb-ssd-14-0-full-hd-intel-iris-xe-windows-11-1731241390106314172?extParam=ivf%3Dfalse%26keyword%3Dlaptop+asus%26search_id%3D20260827091825C203D8A151612A0B562U%26src%3Dsearch,"LAPTOP ASUS A1404VA/X1404VA Intel Core i5-1334U 8GB/512GB SSD 14.0"" Full HD Intel Iris Xe Windows 11",Asus,,,,512,,14.0,10799000,,new,ZX COMPUTER,5.0,,False,,Jakarta Pusat,2026-08-27T09:18:34.401220,False,
tokopedia,103494075373,https://www.tokopedia.com/gameridsurabaya/laptop-asus-vivobook-14-flip-oled-tp3407sa-touch-screen-intel-core-ultra-7-256v-ram-16gb-ssd-512gb-windows-11-office-ohs-14-inch-2k-1736119988789348307?extParam=ivf%3Dfalse%26keyword%3Dlaptop+asus%26search_id%3D20260827091825C203D8A151612A0B562U%26src%3Dsearch,"Laptop ASUS Vivobook 14 Flip OLED TP3407SA Touch Screen Intel Core Ultra 7 256V RAM 16GB SSD 512GB Windows 11 + Office (OHS) 14"" inch 2K",Asus,,,16,512,,14.0,23139000,,new,Gamer ID Surabaya,5.0,,False,,Surabaya,2026-08-27T09:18:34.401305,False,
tokopedia,102902805047,https://www.tokopedia.com/herlinacom/laptop-asus-vivobook-f1504za-touch-intel-core-i7-1255u-ram-16gb-512gb-ssd-win-11-ori-15-6-full-hd-1734092977502520718?extParam=ivf%3Dtrue%26keyword%3Dlaptop+asus%26search_id%3D20260827091825C203D8A151612A0B562U%26src%3Dsearch,Laptop Asus Vivobook F1504ZA Touch Intel Core i7 1255U Ram 16Gb 512Gb Ssd Win 11 Ori 15.6 Full HD,Asus,,,16,512,,,12159000,,new,Herlinacom,5.0,,False,,Depok,2026-08-27T09:18:34.401382,False,
tokopedia,102852029780,https://www.tokopedia.com/agresidjakut/laptop-asus-vivobook-go-14-ryzen-3-7320u-8gb-512gb-ssd-w-11-ohs-original-14-0-full-hd-1734012443853817426?extParam=ivf%3Dfalse%26keyword%3Dlaptop+asus%26search_id%3D20260827091825C203D8A151612A0B562U%26src%3Dsearch,"Laptop Asus Vivobook GO 14 - Ryzen 3 7320U 8GB 512GB SSD W 11 + OHS Original 14.0"" Full HD",Asus,,RYZEN 3 7320U,,512,,14.0,9349000,,new,Agres ID Jakarta Utara,5.0,,False,,Jakarta Pusat,2026-08-27T09:18:34.401470,False,
tokopedia,103066236612,https://www.tokopedia.com/studiolaptop/asus-expertbook-p1403cva-intel-core-i7-13620h-core-5-210h-i5-13420h-210h-core-i3-100u-1315-16gb-1tb-512gb-win-11-office-laptop-bisnis-garansi-resmi-cocok-untuk-sekolah-kerja-editing-1734446786183595847?extParam=ivf%3Dfalse%26keyword%3Dlaptop+asus%26search_id%3D20260827091825C203D8A151612A0B562U%26src%3Dsearch,ASUS EXPERTBOOK P1403CVA INTEL CORE 5 210H CORE 100U I5 I3 16GB 1TB 512GB WIN 11 OFFICE - LAPTOP BISNIS GARANSI RESMI COCOK UNTUK SEKOLAH KERJA EDITING,Asus,,,,,,3.0,9829000,,new,Studio Laptop,5.0,,False,,Jakarta Pusat,2026-08-27T09:18:34.401549,False,
tokopedia,15849509898,https://www.tokopedia.com/king-laptop/laptop-asus-promo-o2o-khusus-offline?extParam=ivf%3Dfalse%26keyword%3Dlaptop+asus%26search_id%3D20260827091825C203D8A151612A0B562U%26src%3Dsearch,LAPTOP ASUS - PROMO O2O (KHUSUS OFFLINE),Asus,,,,,,,22000000,,new,KING Laptop,5.0,,False,,Jakarta Pusat,2026-08-27T09:18:34.401604,False,
tokopedia,103626550257,https://www.tokopedia.com/gamingdistributorid/laptop-asus-vivobook-f1504vap-core-i5-120u-16gb-1tb-w11-office-permanent-15-6fhd-ips-1731157246466557550-1736686931472844398?extParam=ivf%3Dtrue%26keyword%3Dlaptop+asus%26search_id%3D20260827091825C203D8A151612A0B562U%26src%3Dsearch,Laptop Asus VivoBook  F1504VA I5 1334 16GB 1TB SSD  W11 15.6FHD,Asus,,,,,,,10569000,,new,GAMING DISTRIBUTOR ID,5.0,,False,,Jakarta Barat,2026-08-27T09:18:34.401669,False,
tokopedia,103081408834,https://www.tokopedia.com/kanglaptop/asus-expertbook-pm1403cda-ryzen-5-150-16gb-512gb-w11-ohs-14-0-fhd-vips-1734510234392299337?extParam=ivf%3Dtrue%26keyword%3Dlaptop+asus%26search_id%3D20260827091825C203D8A151612A0B562U%26src%3Dsearch,Laptop Asus ExpertBook P1 PM1403CDA Ryzen 5-150 16GB 512GB SSD 14.0 Inch FHD IPS Windows 11,Asus,,M1,,512,,3.0,12149000,,new,KangLaptop_NEW,5.0,,False,,Jakarta Selatan,2026-08-27T09:18:34.401738,False,
tokopedia,15898814283,https://www.tokopedia.com/decacom/laptop-asus-vivobook-go-14-e1404ga-i3-n305-8gb-256gb-512gb-w11-ohs-o365-14-0fhd-resmi-asus-1730617249439451103?extParam=ivf%3Dfalse%26keyword%3Dlaptop+asus%26search_id%3D20260827091825C203D8A151612A0B562U%26src%3Dsearch,LAPTOP ASUS VivoBook GO 14 E1404GA i3-N305 8GB 256GB/512GB W11+OHS+O365 14.0FHD RESMI ASUS,Asus,,,,,,,8463080,,new,Deca Computer,5.0,,False,,Jakarta Utara,2026-08-27T09:18:34.401819,False,
tokopedia,102590437216,https://www.tokopedia.com/nagamaspoins/laptop-tkdn-asus-expertbook-bg1409cva-s67150w-i7-1355u-16gb-512gb-w11-14fhd-asus-expertbook-b1-bg1409cva-s67150w-asus-bg1409cva-i7-1733290121287206588?extParam=ivf%3Dfalse%26keyword%3Dlaptop+asus%26search_id%3D20260827091825C203D8A151612A0B562U%26src%3Dsearch,Laptop TKDN ASUS ExpertBook BG1409CVA-S67150W i7 1355U 16GB 512GB W11 14FHD - ASUS EXPERTBOOK B1 BG1409CVA-S67150W - Asus BG1409CVA i7,Asus,,,,,,9.0,14999000,,new,Naga Mas Computer Poins,5.0,,False,,Jakarta Selatan,2026-08-27T09:18:34.401895,False,
tokopedia,103590084343,https://www.tokopedia.com/gateway/acer-predator-helios-neo-16-core-i7-14700hx-gen-14-rtx-4050-ram-32gb-ssd-1tb-windows-11-ohs-layar-16-wuxga-180hz-1729800717379077557-1736552066544076213?extParam=ivf%3Dfalse%26keyword%3Dlaptop+asus%26src%3Dsearch,ASUS TUF GAMING F15 FX507ZC INTEL CORE I5 12500H RTX3050 32GB 1TB W11 15.6-INCH FHD 144HZ LAPTOP GAMING,Asus,,,,,,0.0,13629000,,new,Gateway Indonesia Comp,5.0,,False,,Jakarta Utara,2026-08-27T09:18:49.227862,False,
tokopedia,102679629163,https://www.tokopedia.com/herlinacom/laptop-asus-vivobook-14-a1404vap-intel-core-i5-120u-ram-16gb-512gb-ssd-win-11-office-ohs-ori-14-0-full-hd-1733549305783682446?extParam=ivf%3Dtrue%26keyword%3Dlaptop+asus%26src%3Dsearch,Laptop Asus Vivobook 14 A1404VAP Intel Core i5 120U Ram 16Gb 512Gb Ssd Win 11 + Office Ohs Ori 14.0 Full HD,Asus,,,16,512,,,12209000,,new,Herlinacom,5.0,,False,,Depok,2026-08-27T09:18:49.228030,False,
tokopedia,102379770564,https://www.tokopedia.com/houseofit/laptop-tkdn-asus-expertbook-bg1409cva-s67150w-i7-1355u-16gb-512gb-w11-14fhd-asus-expertbook-b1-bg1409cva-s67150w-asus-bg1409cva-i7-1732771973784896993?extParam=ivf%3Dfalse%26keyword%3Dlaptop+asus%26src%3Dsearch,Laptop TKDN ASUS ExpertBook BG1409CVA-S67150W i7 1355U 16GB 512GB W11 14FHD - ASUS EXPERTBOOK B1 BG1409CVA-S67150W - Asus BG1409CVA i7,Asus,,,,,,9.0,16999000,,new,House Of IT,5.0,,False,,Jakarta Pusat,2026-08-27T09:18:49.228160,False,
tokopedia,103759075618,https://www.tokopedia.com/gateway/asus-zenbook-duo-ux8406ma-14-oled-touch-ultra-5-125h-16gb-1tb-w11-14-ich-3k-120hz-1729824162177189301-1737082882448393653?extParam=ivf%3Dfalse%26keyword%3Dlaptop+asus%26src%3Dsearch,"ASUS ZENBOOK DUO UX8406CA OLED TOUCH CORE ULTRA 9 285H 32GB 2TB SSD 14"" WUXGA LAPTOP",Asus,,,,,,6.0,34789000,,new,Gateway Indonesia Comp,5.0,,False,,Jakarta Utara,2026-08-27T09:18:49.228265,False,
tokopedia,103014250148,https://www.tokopedia.com/agres-id-bintaro/asus-vivobook-go-14-e1404fa-ryzen-3-7320u-8gb-512gb-ssd-fhd-14-0-anti-glare-windows-11-home-laptop-portabel-garansi-resmi-2-tahun-1734364115342821223?extParam=ivf%3Dfalse%26keyword%3Dlaptop+asus%26src%3Dsearch,"ASUS VivoBook Go 14 E1404FA Ryzen 3 7320U 8GB 512GB SSD FHD 14.0"" Anti-glare Windows 11 Home Laptop Portabel Garansi Resmi 2 Tahun",Asus,,RYZEN 3 7320U,,512,,14.0,9609000,,new,Agres ID Bintaro,5.0,,False,,Tangerang Selatan,2026-08-27T09:18:49.228375,False,
tokopedia,103754867914,https://www.tokopedia.com/gateway/asus-vivobook-s-14-oled-s5406sa-core-ultra-7-258v-32gb-1tb-ssd-14-wuxga-60hz-1732669099990549941-1737073632182764981?extParam=ivf%3Dfalse%26keyword%3Dlaptop+asus%26src%3Dsearch,"ASUS VIVOBOOK S 14 OLED S5406SA CORE ULTRA 7 258V 32GB 1TB SSD 14"" WUXGA LAPTOP",Asus,,,,,,14.0,19069000,,new,Gateway Indonesia Comp,5.0,,False,,Jakarta Utara,2026-08-27T09:18:49.228606,False,
tokopedia,102948300872,https://www.tokopedia.com/royalltech/laptop-asus-expertbook-pm1403cda-amd-ryzen-5-150-16gb-512gb-w11-ohs-m365b-14-0fhd-vips-3y-1734233263522350583?extParam=ivf%3Dfalse%26keyword%3Dlaptop+asus%26src%3Dsearch,LAPTOP ASUS EXPERTBOOK PM1403CDA AMD RYZEN 5 150 16GB 512GB W11+OHS+M365B 14.0FHD VIPS 3Y,Asus,,M1,,,,3.0,12159000,,new,royalltech,5.0,,False,,Jakarta Utara,2026-08-27T09:18:49.228716,False,
tokopedia,102098653177,https://www.tokopedia.com/agresidjakut/asus-tuf-a15-fa506ncr-amd-ryzen-7-7435hs-rtx3050-4gb-ram-16gb-512gb-windows-11-office-15-6-full-hd-144hz-ips-rgb-1732205943445096018?extParam=ivf%3Dfalse%26keyword%3Dlaptop+asus%26src%3Dsearch,"[LAPTOP] ASUS TUF A15 FA506NCG AMD RYZEN 7 7435HS RTX3050 4GB/ Ram 16GB 512GB Windows 11 + Office 15.6"" Full HD 144Hz IPS RGB GARANSI RESMI",Asus,,RYZEN 7 7435HS,16,,,6.0,14219000,,new,Agres ID Jakarta Utara,5.0,,False,,Jakarta Pusat,2026-08-27T09:18:49.228835,False,
tokopedia,102393066011,https://www.tokopedia.com/agres-id-bintaro/laptop-asus-vivobook-go-14-e1404fa-ryzen-5-7520-16gb-512gb-w11-ohs-m365b-14-0fhd-vips-blk-vips5151m-garansi-resmi-2-tahun-laptop-terpercaya-1732801128082540391?extParam=ivf%3Dfalse%26keyword%3Dlaptop+asus%26src%3Dsearch,Laptop ASUS VIVOBOOK GO 14 E1404FA RYZEN 5 7520 16GB 512GB W11+OHS+M365B 14.0FHD VIPS BLK -VIPS5151M Garansi Resmi 2 Tahun Laptop Terpercaya,Asus,,RYZEN 5 7520,,,,,10809000,,new,Agres ID Bintaro,5.0,,False,,Tangerang Selatan,2026-08-27T09:18:49.228964,False,
tokopedia,102107554946,https://www.tokopedia.com/rogonline/asus-zenbook-a14-ux3407-snapdragon-x-plus-x-126100-16gb-1tb-ssd-w-11-ohs-14-inch-1732223817158395111?extParam=ivf%3Dfalse%26keyword%3Dlaptop+asus%26src%3Dsearch,Asus Zenbook A14 UX3407 Snapdragon X Plus X 126100 16GB 2TB SSD Win 11 Office 14 FHD Laptop Iceland Gray dengan Smart Amp Technology dan Microphone Array - Audio,Asus,,,,,,,17209000,,new,ROGZ Online,5.0,,False,,Jakarta Pusat,2026-08-27T09:18:49.229099,False,
tokopedia,2917054210,https://www.tokopedia.com/teknotrend/laptop-gaming-asus-tuf-a16-fa608pp-rtx5070-ryzen-9-8940hx-16gb-1tb-16-0-wqxga-1731262086862505922?extParam=ivf%3Dfalse%26keyword%3Dlaptop+asus%26src%3Dsearch,Laptop Gaming Asus TUF A16 FA608PP RTX5070 RYZEN 9 8940HX 16GB 1TB 16.0 WQXGA,Asus,,RYZEN 9 8940HX,,,,40.0,29184500,,new,TeknoTrend ID,5.0,,False,,Jakarta Pusat,2026-08-27T09:18:49.229202,False,
tokopedia,103758953997,https://www.tokopedia.com/gateway/lenovo-ideapad-slim-3-15-intel-i5-12450h-16gb-512gb-ssd-15-6-fhd-1737082620330280373?extParam=ivf%3Dfalse%26keyword%3Dlaptop+asus%26src%3Dsearch,[SALE] ASUS ZENBOOK 14 OLED UM3406HA TOUCH RYZEN 7 8840 16GB 512GB W11 14.0 2.8K LAPTOP,Asus,,RYZEN 7 8840,,,,6.0,17900180,,new,Gateway Indonesia Comp,5.0,,False,,Jakarta Utara,2026-08-27T09:18:49.229425,False,
tokopedia,103273622761,https://www.tokopedia.com/laptopcreatorid/asus-tuf-a15-fa506ncq-amd-ryzen-7-170-rtx3050-4gb-ram-16gb-ssd-512gb-w11-ohs-m365b-15-6-fhd-ips-laptop-gaming-1735172555509498898-1735172554271392786?extParam=ivf%3Dfalse%26keyword%3Dlaptop+asus%26src%3Dsearch,"ASUS TUF A15 FA506NCQ AMD RYZEN 7 170 RTX3050 4GB/ RAM 16GB SSD 512GB W11+OHS+M365B 15.6"" FHD IPS -LAPTOP GAMING",Asus,,M3,16,512,,6.0,13269000,,new,LAPTOP SHOP ID,5.0,,False,,Jakarta Utara,2026-08-27T09:18:49.229641,False,
tokopedia,103575248865,https://www.tokopedia.com/onestopgaming/laptop-asus-a416jao-vips521-i5-1035g1-4gb-256gb-ssd-14fhd-vips-ohs-w10-1736483207816512770?extParam=ivf%3Dfalse%26keyword%3Dlaptop+asus%26src%3Dsearch,[ FLASH SALE ] Laptop Asus ExpertBook P1 PM1403CDA Ryzen 5 150 8GB RAM 512GB SSD 14' FHD Windows 11 RESMI Expert Book,Asus,,M1,512,512,,3.0,10984500,,new,Onestop Gaming,5.0,,False,,Jakarta Pusat,2026-08-27T09:18:49.229862,False,
tokopedia,103773262161,https://www.tokopedia.com/gateway/axioo-pongo-775-core-i7-13620h-rtx5070-32gb-1tb-ssd-w11-16-inch-qhd-180hz-100srgb-1731965686978741685-1737126857681175989?extParam=ivf%3Dfalse%26keyword%3Dlaptop+asus%26src%3Dsearch,"ASUS TUF GAMING A15 FA506NCQ RYZEN 7 170 RTX3050 32GB 1TB W11+OHS+M365B 15.6"" FHD IPS LAPTOP GAMING",Asus,,M3,,,,6.0,14259000,,new,Gateway Indonesia Comp,5.0,,False,,Jakarta Utara,2026-08-27T09:18:49.230056,False,
tokopedia,100650811225,https://www.tokopedia.com/rogonline/asus-gaming-v16-rtx-5060-core-i7-240h-32gb-1tb-ssd-w-11-ohs-16-0-ips-144hz-v-16-v3607vm-1731758425140528359?extParam=ivf%3Dfalse%26keyword%3Dlaptop+asus%26src%3Dsearch,Asus Gaming V16 RTX 5060 Core i7 240H 32GB 1TB SSD W11 OHS 16.0 IPS 144Hz V3607VM Laptop Gaming dengan Windows 11 Home & Office 2024,Asus,,,,,,60.0,23879000,,new,ROGZ Online,5.0,,False,,Jakarta Pusat,2026-08-27T09:18:49.230181,False,
tokopedia,103397078304,https://www.tokopedia.com/ten-com/asus-tuf-a15-fa507nur-ryzen-7-7435hs-rtx4050-6gb-16gb-512gb-ram-15-6fhd-144hz-100srgb-windows-11-laptop-gaming-1732432960800064775-1735673264215262471?extParam=ivf%3Dfalse%26keyword%3Dlaptop+asus%26src%3Dsearch,Asus TUF A15 FA506NCQ RTX3050 Ryzen 7 170 32GB 1TB 15.6inch Full HD Windows 11 OHS Laptop Gaming Garansi Resmi,Asus,,,,,,6.0,14269000,,new,Ten Com,5.0,,False,,Jakarta Selatan,2026-08-27T09:18:49.230297,False,
tokopedia,16160231055,https://www.tokopedia.com/kingznotebook/laptop-asus-zenbook-s14-ux5406sa-touch-ultra-7-258v-32gb-1tb-ssd-14-3k-oled-1730827698772542631?extParam=ivf%3Dfalse%26keyword%3Dlaptop+asus%26src%3Dsearch,"Laptop Asus ZenBook S14 UX5406SA Touch Ultra 7 258V 32GB 1TB SSD W11+OHS 14""3K OLED",Asus,,,,,,14.0,32189000,,new,Kingz Notebook,5.0,,False,,Jakarta Pusat,2026-08-27T09:18:49.230405,False,
tokopedia,102642558432,https://www.tokopedia.com/teknotrend/laptop-gaming-asus-tuf-f16-fx607vjb-intel-core-5-210h-16gb-ssd-512gb-16-rtx3050-w11-oh2024-1733432694664497090?extParam=ivf%3Dfalse%26keyword%3Dlaptop+asus%26src%3Dsearch,"Laptop Gaming Asus TUF F16 FX607VJB Intel Core 5 210H 16GB SSD 512GB 16"" RTX3050 W11+OH2024",Asus,,,,512,,10.0,19989500,,new,TeknoTrend ID,5.0,,False,,Jakarta Pusat,2026-08-27T09:18:49.230952,False,
tokopedia,100583073912,https://www.tokopedia.com/gameridsurabaya/laptop-asus-gaming-v16-v3607vu-intel-core-7-240h-geforce-rtx-4050-6gb-ram-16-gb-ssd-512-gb-windows-11-office-home-student-16-inch-wuxga-144hz-refresh-rate-1731635742474799059?extParam=ivf%3Dfalse%26keyword%3Dlaptop+asus%26src%3Dsearch,"Laptop ASUS GAMING V16 V3607VU Intel Core 7 240H GeForce RTX 4050 6GB RAM 16 GB SSD 512 GB Windows 11 + Office Home Student 16"" Inch WUXGA 144Hz Refresh Rate",Asus,,,16,512,,40.0,21819000,,new,Gamer ID Surabaya,5.0,,False,,Surabaya,2026-08-27T09:18:49.231258,False,
tokopedia,102118316981,https://www.tokopedia.com/onestopgaming/laptop-asus-vivobook-go-14-e1404fa-amd-ryzen-3-8gb-ram-512gb-ssd-14-fhd-windows-11-ohs-garansi-resmi-asus-indonesia-1732247026430412034?extParam=ivf%3Dtrue%26keyword%3Dlaptop+asus%26src%3Dsearch,"Laptop ASUS Vivobook Go 14 E1404FA AMD Ryzen 3 8GB RAM 512GB SSD 14"" FHD Windows 11 + OHS Garansi Resmi Asus Indonesia",Asus,,,512,512,,14.0,8944000,,new,Onestop Gaming,5.0,,False,,Jakarta Pusat,2026-08-27T09:18:49.231414,False,
tokopedia,103544092313,https://www.tokopedia.com/asus-official-store-891/laptop-asus-vivobook-14-m1405ya-ryzen-7-7730-ram-16gb-ssd-512gb-w11-ohs-14-0wuxga-vips-1734106859885201230-1736341973581137742?extParam=ivf%3Dfalse%26keyword%3Dlaptop+asus%26src%3Dsearch,Laptop Asus Vivobook 14 M1405YA Ryzen 7 7730 RAM 16GB SSD 512GB W11+OHS 14.0WUXGA VIPS,Asus,,RYZEN 7 7730,16,512,,,14959000,,new,ASUS Official Store,5.0,,False,,Jakarta Utara,2026-08-27T09:18:49.231609,False,
tokopedia,103089192250,https://www.tokopedia.com/herlinacom/laptop-asus-expertbook-pm1403cda-ryzen-5-150-ram-16gb-512gb-ssd-win-11-office-ohs-ori-14-0-full-hd-1734559509546632590?extParam=ivf%3Dtrue%26keyword%3Dlaptop+asus%26src%3Dsearch,Laptop Asus ExpertBook PM1403CDA Ryzen 5 150 Ram 16Gb 512Gb Ssd Win 11 + Office Ohs Ori 14.0 Full HD,Asus,,M1,16,512,,3.0,11469000,,new,Herlinacom,5.0,,False,,Depok,2026-08-27T09:18:49.231716,False,
tokopedia,103744510026,https://www.tokopedia.com/herlinacom/laptop-asus-vivobook-f1504vap-intel-core-5-120u-ram-16gb-1tb-win-11-ori-15-6-full-hd-1731176179058378126-1737050134679356814?extParam=ivf%3Dtrue%26keyword%3Dlaptop+asus%26src%3Dsearch,Laptop Asus Vivobook F1504VAP Intel Core 5 120U Ram 16Gb 1Tb Win 11 Ori 15.6 Full HD,Asus,,,16,,,,10079000,,new,Herlinacom,5.0,,False,,Depok,2026-08-27T09:18:49.231824,False,
tokopedia,103759024527,https://www.tokopedia.com/gateway/asus-zenbook-14-oled-touch-ultra-9-285h-ultra-7-255h-32gb-1tb-ssd-w11-14-0fhd-ux3405ca-1731498587673232821-1737082737582441909?extParam=ivf%3Dfalse%26keyword%3Dlaptop+asus%26src%3Dsearch,"[SALE] ASUS ZENBOOK 14 OLED UX3405CA TOUCH ULTRA 7 255H 16GB 512GB W11 14"" FHD LAPTOP",Asus,,,,,,5.0,19664780,,new,Gateway Indonesia Comp,5.0,,False,,Jakarta Utara,2026-08-27T09:18:49.231925,False,
tokopedia,103085203750,https://www.tokopedia.com/royalltech/laptop-asus-vivobook-go-14-e1404ga-intel-core-i3-n305-8gb-512gb-ssd-w11-ohs-m365b-14-0-fhd-e1404ga-a1404va-a1405za-a1404za-1734533321159968247?extParam=ivf%3Dfalse%26keyword%3Dlaptop+asus%26src%3Dsearch,LAPTOP ASUS VIVOBOOK GO 14 E1404GA INTEL CORE I3 N305 8GB 512GB SSD W11+OHS+M365B 14.0 FHD -E1404GA -A1404VA -A1405ZA -A1404ZA,Asus,,M3,,512,,,9609000,,new,royalltech,5.0,,False,,Jakarta Utara,2026-08-27T09:18:49.232160,False,
tokopedia,102946545183,https://www.tokopedia.com/royalltech/laptop-asus-zenbook-14-oled-ux3405ca-touch-intel-ultra-9-285h-32gb-1tb-ssd-w11-office-14-0fhd-1734229443254846967?extParam=ivf%3Dfalse%26keyword%3Dlaptop+asus%26src%3Dsearch,"LAPTOP ASUS ZENBOOK 14 OLED TOUCH UX3405CA INTEL ULTRA 7 255H RAM 32GB SSD 1TB W11+OHS+M365B 14"" WUXGA - LAPTOP TOUCH SCREEN OLED GARANSI RESMI",Asus,,M3,32,,,5.0,31349000,,new,royalltech,5.0,,False,,Jakarta Utara,2026-08-27T09:18:49.232288,False,
tokopedia,103620546425,https://www.tokopedia.com/herlinacom/asus-rog-strix-g16-g614fm-ryzen-9-9955hx-rtx5060-8gb-32gb-1tb-w11-ohs-16-0wqxga-100dcip3-240hz-1732715002156057998-1736670244680533390?extParam=ivf%3Dtrue%26keyword%3Dlaptop+asus%26src%3Dsearch,Laptop Asus ROG Strix G16 G614FM Ryzen 9 9955HX Rtx 5060 8Gb / Ram 16Gb 1Tb Ssd Win 11 16.0 Full HD Ips 165Hz,Asus,,RYZEN 9 9955HX,16,,,55.0,29319000,,new,Herlinacom,5.0,,False,,Depok,2026-08-27T09:18:49.232409,False,
tokopedia,15857034100,https://www.tokopedia.com/herlinacom/asus-vivobook-go-14-e1404fa-ryzen-3-7320u-8gb-512gb-ssd-win-11-o-h-s-non-paket-ram-8gb-256ssd-e125c?extParam=ivf%3Dtrue%26keyword%3Dlaptop+asus%26src%3Dsearch,Laptop Asus Vivobook Go 14 e1404fa ryzen 3 7320u Ram 8gb 512gb ssd win 11 + Office Ori 14.0 Fhd,Asus,,RYZEN 3 7320U,8,512,,,9399000,,new,Herlinacom,5.0,,False,,Depok,2026-08-27T09:18:49.232527,False,
tokopedia,103725034947,https://www.tokopedia.com/gateway/asus-rog-flow-z13-gz302ea-touch-ryzen-ai-max-395-64gb-1tb-w11-ohs-13-4-2-5k-180hz-pen-2in1-1730868286580884917-1736998393463211445?extParam=ivf%3Dfalse%26keyword%3Dlaptop+asus%26src%3Dsearch,"ASUS ROG FLOW Z13 GZ302EA TOUCH RYZEN AI MAX+ 395 64GB/32GB 1TB W11+OHS 13.4"" 2.5K 180HZ PEN 2IN1 LAPTOP GAMING",Asus,,,,,,13.4,45129000,,new,Gateway Indonesia Comp,5.0,,False,,Jakarta Utara,2026-08-27T09:18:49.232672,False,
tokopedia,102529751379,https://www.tokopedia.com/kanglaptop/asus-vivobook-go-14-e1404fa-ryzen-5-7520-8-16gb-512gb-w11-ohs-14-0fhd-1733110473874245449?extParam=ivf%3Dfalse%26keyword%3Dlaptop+asus%26src%3Dsearch,Laptop Asus Vivobook GO 14 E1404FA Ryzen 5-7520U 16GB 512GB SSD 14.0 Inch FHD IPS Windows 11,Asus,,,,512,,14.0,10799000,,new,KangLaptop_NEW,5.0,,False,,Jakarta Selatan,2026-08-27T09:18:49.232783,False,
tokopedia,12635557224,https://www.tokopedia.com/gamingdistributorid/laptop-asus-vivobook-go-14-e1404fa-ryzen-3-7320-8gb-512gb-w11-ohs-14-0fhd-1729964091837613678?extParam=ivf%3Dtrue%26keyword%3Dlaptop+asus%26src%3Dsearch,Laptop Asus VIVOBOOK GO 14 E1404FA RYZEN 3 7320 8GB 1TB SSD W11+OHS 14.0FHD,Asus,,RYZEN 3 7320,,,,,9389000,,new,GAMING DISTRIBUTOR ID,5.0,,False,,Jakarta Barat,2026-08-27T09:18:49.232883,False,
tokopedia,103448486125,https://www.tokopedia.com/alienwarestore/asus-vivobook-14-core-i7-1355-16gb-512gb-ssd-windows-11-14-0-fhd-ips-x1404va-1733043391143314776-1735908879896446296?extParam=ivf%3Dfalse%26keyword%3Dlaptop+asus%26src%3Dsearch%26whid%3D4141453,"LAPTOP ASUS VIVOBOOK 14 X1404VA  CORE i5 120U 8GB 256SSD W11 14"" FHD - 8GB 256SSD (FREE ONGKIR)",Asus,,,,,,14.0,9669000,,new,ALIENWARE GAMING STORE,5.0,,False,,Jakarta Utara,2026-08-27T09:18:49.233256,False,
tokopedia,100267244244,https://www.tokopedia.com/kakilimacom/laptop-asus-vivobook-f1504vap-core-5-120u-ram-16gb-512gb-ssd-windows-11-layar-15-inch-full-hd-ips-1731170750391224072?extParam=ivf%3Dfalse%26keyword%3Dlaptop+asus%26src%3Dsearch,Laptop ASUS VIVOBOOK F1504VAP Core 5 120U ram 16GB 512GB ssd WIndows 11 Layar 15 inch Full HD IPS,Asus,,,16,512,,15.0,11309000,,new,KakiLima Comp,5.0,,False,,Kab. Tangerang,2026-08-27T09:18:49.233427,False,
tokopedia,102520888925,https://www.tokopedia.com/agresidsurabaya/laptop-asus-vivobook-go-14-e1404fa-ryzen-5-7520-8gb-512gb-w11-ohs-m365b-14-0fhd-vips-1733089867565664215?extParam=ivf%3Dfalse%26keyword%3Dlaptop+asus%26src%3Dsearch,LAPTOP ASUS VIVOBOOK GO 14 E1404FA RYZEN 5 7520 8GB 512GB W11+OHS+M365B 14.0FHD VIPS,Asus,,RYZEN 5 7520,,,,,10809000,,new,Agres ID Surabaya,5.0,,False,,Surabaya,2026-08-27T09:18:49.233548,False,
tokopedia,102538460134,https://www.tokopedia.com/agresidtangerang/asus-tuf-a16-fa607nug-ryzen-7-7445hs-rtx4050-6gb-16gb-512gb-w11-ohs-m365b-16-0-fhd-ips-gry-r745j6m-hm-1733133622978905115?extParam=ivf%3Dfalse%26keyword%3Dlaptop+asus%26src%3Dsearch,"ASUS TUF A16 FA607NUG RYZEN 7 7445HS RTX4050 6GB/ 16GB 512GB W11+OHS+M365B 16.0"" Gaming Laptop",Asus,,RYZEN 7 7445HS,,,,7.0,22369000,,new,Agres ID Tangerang,5.0,,False,,Tangerang,2026-08-27T09:18:49.233670,False,
tokopedia,103461094987,https://www.tokopedia.com/agres-id-electronics/asus-vivobook-go-14-e1404fa-ryzen-5-7520-16gb-512gb-w11-ohs-m365b-14-0fhd-vips-laptop-garansi-resmi-1732247299980560280-1735964299142858648?extParam=ivf%3Dfalse%26keyword%3Dlaptop+asus%26src%3Dsearch,ASUS VIVOBOOK GO 14 E1404FA RYZEN 5 7520 16GB 512GB W11+OHS+M365B 14.0FHD VIPS LAPTOP GARANSI RESMI,Asus,,RYZEN 5 7520,,,,,12124000,,new,Agres ID Electronics,5.0,,False,,Depok,2026-08-27T09:18:49.233787,False,
tokopedia,103574134087,https://www.tokopedia.com/rogsstoreid/dell-inspiron-14-7440-2in1-touch-core-7-150u-16gb-1tb-w11-ohs-14-0wuxga-1736480792423728460?extParam=ivf%3Dfalse%26keyword%3Dlaptop+asus%26src%3Dsearch,ASUS ROG STRIX G16 G614PP RTX5070 AMD RYZEN 9 8940HX RAM 64GB SSD 2TB WINDOWS 11 16-INCH FHD LAPTOP GAMING,Asus,,RYZEN 9 8940HX,64,,,40.0,79999000,,new,ROGS STORE,5.0,,False,,Jakarta Utara,2026-08-27T09:18:49.233903,False,
tokopedia,15218153935,https://www.tokopedia.com/laptopgrosirid/laptop-asus-vivobook-14-a1404va-core-i3-1315u-16gb-512gb-windows-11-14-fhd-1731063736413881673?extParam=ivf%3Dfalse%26keyword%3Dlaptop+asus%26src%3Dsearch,"Laptop Asus Vivobook 14 A1404VA Core i3 1315U 16gb 512gb Windows 11 14"" FHD",Asus,,,,,,14.0,10698000,,new,Laptop Grosir ID,5.0,,False,,Jakarta Selatan,2026-08-27T09:18:49.234009,False,
tokopedia,100000342867,https://www.tokopedia.com/tistonline/laptop-asus-tuf-gaming-a15-fa507re-r7r5b6g-o-amd-ryzen-7-6800h-ram-8gb-16-gb-ssd-512gb-rtx3050ti-4gb-15-6-fhd-win11-office-2021-garansi-resmi-1729588053959608226?extParam=ivf%3Dfalse%26keyword%3Dlaptop+asus%26src%3Dsearch,"LAPTOP ASUS TUF GAMING A15 FA507RE-R7R5B6G-O  AMD RYZEN 7-6800H RAM 8GB / 16 GB SSD 512GB  RTX3050Ti 4GB  15,6"" FHD  WIN11+OFFICE 2021 GARANSI RESMI",Asus,,,8,512,,0.0,16477000,,new,TIST Online,5.0,,False,,Jakarta Pusat,2026-08-27T09:18:49.234130,False,
tokopedia,102571172498,https://www.tokopedia.com/gamingdistributorid/laptop-asus-vivobook-14-a1404vap-core-i5-120u-16gb-512gb-w11-ohs-14-0fhd-vips-1733242410168518254?extParam=ivf%3Dtrue%26keyword%3Dlaptop+asus%26src%3Dsearch,Laptop Asus Vivobook 14 A1404VAP CORE I5 120U 16GB 1TB SSD W11+OHS 14.0FHD VIPS,Asus,,,,,,,12199000,,new,GAMING DISTRIBUTOR ID,5.0,,False,,Jakarta Barat,2026-08-27T09:18:49.234238,False,
tokopedia,102666232918,https://www.tokopedia.com/royalltech/laptop-asus-vivobook-14-a1407qa-snapdragon-x-x1-26100-16gb-512gb-w11-ohs-14-0wuxga-vips-vipsp151m-vipsp152m-vipsp153m-1733489116835775991?extParam=ivf%3Dfalse%26keyword%3Dlaptop+asus%26src%3Dsearch,LAPTOP ASUS VIVOBOOK 14 A1407QA SNAPDRAGON X X1 26100 16GB 512GB W11+OHS 14.0WUXGA VIPS -VIPSP151M VIPSP152M VIPSP153M,Asus,,,,,,,11029000,,new,royalltech,5.0,,False,,Jakarta Utara,2026-08-27T09:18:49.234373,False,
tokopedia,103052928522,https://www.tokopedia.com/bestcomp46/asus-gaming-v16-v3607vu-rtx4050-6gb-core-5-210h-16gb-512gb-w11-ohs-16-0wuxga-144hz-laptop-gaming-original-dengan-garansi-resmi-2-tahun-1734421672610596145?extParam=ivf%3Dfalse%26keyword%3Dlaptop+asus%26src%3Dsearch,ASUS Gaming V16 V3607VU CORE 5 210H RTX4050 6GB  16GB 512GB W11+OHS 16.0WUXGA 144HZ Laptop Gaming Original dengan Garansi Resmi 2 Tahun,Asus,,,,,,10.0,20809000,,new,BestComp46,5.0,,False,,Jakarta Selatan,2026-08-27T09:18:49.234503,False,
tokopedia,102405407597,https://www.tokopedia.com/technocentral/laptop-asus-vivobook-14-a1404vap-core-i5-120u-16gb-512gb-w11-ohs-m365b-14-0fhd-vips-1732837044333348483?extParam=ivf%3Dfalse%26keyword%3Dlaptop+asus%26src%3Dsearch,LAPTOP ASUS VIVOBOOK 14 A1404VAP CORE I5 120U 16GB 512GB W11+OHS+M365B 14.0FHD VIPS,Asus,,M3,,,,,12209000,,new,Techno Central,5.0,,False,,Bogor,2026-08-27T09:18:49.234621,False,
tokopedia,103090205648,https://www.tokopedia.com/royalltech/laptop-asus-gaming-v16-v3607vu-intel-core-i5-210h-rtx4050-6gb-ram-16gb-512gb-ssd-w11-ohs-16-0-wuxga-144hz-1734568601577752055?extParam=ivf%3Dfalse%26keyword%3Dlaptop+asus%26src%3Dsearch,LAPTOP ASUS GAMING V16 V3607VU INTEL CORE I5 210H RTX4050 6GB/ RAM 16GB 512GB SSD W11+OHS 16.0 WUXGA 144HZ,Asus,,,16,512,,10.0,20809000,,new,royalltech,5.0,,False,,Jakarta Utara,2026-08-27T09:18:49.234737,False,
tokopedia,4805239456,https://www.tokopedia.com/distri-laptop/laptop-asus-vivobook-14-a416fa-core-i3-10110u-ram-4gb-256gb-ohs-w11-grey?extParam=ivf%3Dtrue%26keyword%3Dlaptop+asus%26src%3Dsearch,Laptop Asus Vivobook 14 A1404VAP Intel Core 3 100U RAM 8GB 512GB OH24 W11 Best Price,Asus,,,8,,,,8811714,,new,Distri Laptop,5.0,,False,,Jakarta Pusat,2026-08-27T09:18:49.234849,False,
tokopedia,102535863759,https://www.tokopedia.com/elevenlaptop/asus-tuf-a16-fa607nug-wh73-gaming-laptop-16-0-amd-ryzen7-7445hs-16gb-ram-512gb-ssd-rtx-4050-6gb-windows-11-home-mecha-gray-1733125184318506716?extParam=ivf%3Dfalse%26keyword%3Dlaptop+asus%26src%3Dsearch,"ASUS TUF A16 FA607NUG-WH73 Gaming Laptop, 16.0″ AMD Ryzen7-7445HS, 16GB RAM, 512GB SSD, RTX 4050 6GB, Windows 11 Home, Mecha Gray",Asus,,,,512,,7.0,19289000,,new,Eleven Laptop,5.0,,False,,Jakarta Selatan,2026-08-27T09:18:49.235036,False,
tokopedia,16259228803,https://www.tokopedia.com/technocentral/laptop-asus-zenbook-14-oled-touch-ux3405ca-ultra-5-225h-16gb-1tb-w11-ohs-14-0-2k-ev0-dff78-unit-laptop-d5176?extParam=ivf%3Dfalse%26keyword%3Dlaptop+asus%26src%3Dsearch,LAPTOP ASUS ZENBOOK 14 OLED TOUCH UX3405CA ULTRA 5 225H 16GB 1TB W11+OHS 14.0 2K EV0,Asus,,,,,,5.0,24579000,,new,Techno Central,5.0,,False,,Bogor,2026-08-27T09:18:49.235145,False,
tokopedia,102713008779,https://www.tokopedia.com/royalltech/asus-zenbook-a14-ux3407qa-snapdragon-x1-26100-16gb-1tb-512gb-w11-ohs-365-14-wuxga-ips-laptop-1733660716019320311?extParam=ivf%3Dfalse%26keyword%3Dlaptop+asus%26src%3Dsearch,"ASUS ZENBOOK A14 UX3407QA SNAPDRAGON X1 26100 16GB 1TB 512GB W11+OHS+365 14"" WUXGA IPS Laptop",Asus,,,,,,14.0,17209000,,new,royalltech,5.0,,False,,Jakarta Utara,2026-08-27T09:18:49.235261,False,
tokopedia,102403601925,https://www.tokopedia.com/gameridsurabaya/laptop-asus-vivobook-14-a1404vap-intel-core-5-120u-ram-8-gb-ssd-512-gb-windows-11-office-home-student-14-full-hd-vips-1732832332792432595?extParam=ivf%3Dfalse%26keyword%3Dlaptop+asus%26src%3Dsearch,"Laptop ASUS Vivobook 14 A1404VAP Intel Core 5 120U RAM 8 GB SSD 512 GB Windows 11 + Office Home Student 14"" Full HD VIPS",Asus,,,8,512,,14.0,12209000,,new,Gamer ID Surabaya,5.0,,False,,Surabaya,2026-08-27T09:18:49.235416,False,
tokopedia,102624131857,https://www.tokopedia.com/rogonline/asus-zenbook-14-oled-um3406-ryzen-7-ai-350-32gb-2tb-ssd-win-11-14-0-touchscreen-um3406ka-1733379443013944551?extParam=ivf%3Dfalse%26keyword%3Dlaptop+asus%26src%3Dsearch,"Asus Zenbook 14 OLED UM3406KA Ryzen 7 AI 350 32GB 2TB SSD Win 11 14.0"" Touchscreen Jade Black Laptop dengan Audio Smart Amp dan Face Recognition",Asus,,M3,,,,14.0,20099000,,new,ROGZ Online,5.0,,False,,Jakarta Pusat,2026-08-27T09:18:49.235549,False,
tokopedia,103232275534,https://www.tokopedia.com/herlinacom/laptop-asus-expertbook-pm3406cka-ryzen-ai-5-330-16gb-512gb-bwin11-ohs-14-0-wqxga-1735065034532750734-1735065213957997966?extParam=ivf%3Dtrue%26keyword%3Dlaptop+asus%26src%3Dsearch,"Laptop Asus Expertbook PM3406CKA Ryzen AI 5 330 16Gb 512Gb bWin11+Ohs 14.0"" WQXGA",Asus,,M3,,,,6.0,14699000,,new,Herlinacom,5.0,,False,,Depok,2026-08-27T09:18:49.235654,False,
