citation_id,answer_id,document_id,chunk_id,page,section,bbox,data_type
CIT-00001,ANS-0001,DOC-0001,Chunk_0042,14,Sec. 3.2 Approval,"x:105-310,y:420-435",synthetic
CIT-00002,ANS-0001,DOC-0021,Chunk_1410,12,Sec. 3.6,"x:272-488,y:219-517",synthetic
CIT-00003,ANS-0002,DOC-0010,Chunk_6550,25,Sec. 8.7,"x:112-500,y:122-518",synthetic
CIT-00004,ANS-0003,DOC-0023,Chunk_0154,12,Sec. 5.6,"x:278-690,y:158-568",synthetic
CIT-00005,ANS-0004,DOC-0040,Chunk_5261,30,Sec. 5.2,"x:247-689,y:331-618",synthetic
CIT-00006,ANS-0005,DOC-0022,Chunk_2096,1,Sec. 4.8,"x:206-593,y:442-652",synthetic
CIT-00007,ANS-0006,DOC-0019,Chunk_2806,19,Sec. 4.7,"x:193-681,y:174-534",synthetic
CIT-00008,ANS-0006,DOC-0013,Chunk_7640,27,Sec. 3.1,"x:162-539,y:265-684",synthetic
CIT-00009,ANS-0007,DOC-0011,Chunk_0221,4,Sec. 4.5,"x:288-488,y:144-565",synthetic
CIT-00010,ANS-0007,DOC-0033,Chunk_9864,25,Sec. 5.1,"x:388-445,y:207-694",synthetic
CIT-00011,ANS-0008,DOC-0025,Chunk_5021,3,Sec. 3.8,"x:154-667,y:317-631",synthetic
CIT-00012,ANS-0008,DOC-0030,Chunk_5514,1,Sec. 8.4,"x:279-566,y:363-570",synthetic
CIT-00013,ANS-0009,DOC-0018,Chunk_6532,24,Sec. 5.1,"x:186-414,y:301-637",synthetic
CIT-00014,ANS-0009,DOC-0011,Chunk_7570,10,Sec. 3.4,"x:130-640,y:423-583",synthetic
CIT-00015,ANS-0010,DOC-0020,Chunk_1548,12,Sec. 4.2,"x:229-638,y:282-589",synthetic
CIT-00016,ANS-0010,DOC-0015,Chunk_2803,32,Sec. 7.1,"x:56-649,y:169-614",synthetic
CIT-00017,ANS-0011,DOC-0031,Chunk_5506,14,Sec. 7.6,"x:343-554,y:476-653",synthetic
CIT-00018,ANS-0011,DOC-0007,Chunk_2939,18,Sec. 1.6,"x:169-462,y:315-686",synthetic
CIT-00019,ANS-0012,DOC-0033,Chunk_0037,24,Sec. 8.5,"x:269-558,y:104-531",synthetic
CIT-00020,ANS-0012,DOC-0020,Chunk_9142,2,Sec. 5.3,"x:52-675,y:107-671",synthetic
CIT-00021,ANS-0013,DOC-0013,Chunk_1620,35,Sec. 5.4,"x:288-502,y:211-557",synthetic
CIT-00022,ANS-0013,DOC-0013,Chunk_6010,10,Sec. 2.8,"x:230-658,y:232-557",synthetic
CIT-00023,ANS-0014,DOC-0011,Chunk_7790,14,Sec. 3.8,"x:250-518,y:103-612",synthetic
CIT-00024,ANS-0015,DOC-0022,Chunk_2307,2,Sec. 8.5,"x:59-431,y:290-623",synthetic
CIT-00025,ANS-0015,DOC-0018,Chunk_3657,30,Sec. 8.4,"x:195-508,y:154-510",synthetic
CIT-00026,ANS-0016,DOC-0017,Chunk_8208,2,Sec. 6.8,"x:312-618,y:205-619",synthetic
CIT-00027,ANS-0016,DOC-0011,Chunk_4253,1,Sec. 8.2,"x:390-679,y:107-647",synthetic
CIT-00028,ANS-0017,DOC-0008,Chunk_8127,1,Sec. 2.8,"x:309-433,y:157-551",synthetic
CIT-00029,ANS-0017,DOC-0026,Chunk_1826,22,Sec. 1.3,"x:159-691,y:489-669",synthetic
CIT-00030,ANS-0018,DOC-0031,Chunk_5043,32,Sec. 6.8,"x:242-675,y:397-647",synthetic
CIT-00031,ANS-0019,DOC-0005,Chunk_6085,8,Sec. 6.3,"x:329-571,y:384-544",synthetic
CIT-00032,ANS-0019,DOC-0020,Chunk_8025,6,Sec. 3.6,"x:355-621,y:288-559",synthetic
CIT-00033,ANS-0020,DOC-0001,Chunk_8967,15,Sec. 4.2,"x:384-660,y:169-549",synthetic
CIT-00034,ANS-0020,DOC-0013,Chunk_4155,18,Sec. 3.6,"x:364-675,y:282-665",synthetic
CIT-00035,ANS-0021,DOC-0033,Chunk_7939,10,Sec. 6.6,"x:380-684,y:421-601",synthetic
CIT-00036,ANS-0021,DOC-0010,Chunk_4412,25,Sec. 2.5,"x:287-406,y:353-552",synthetic
CIT-00037,ANS-0022,DOC-0014,Chunk_0089,5,Sec. 4.5,"x:88-508,y:223-606",synthetic
CIT-00038,ANS-0023,DOC-0021,Chunk_5300,20,Sec. 5.3,"x:218-442,y:194-587",synthetic
CIT-00039,ANS-0024,DOC-0040,Chunk_9627,24,Sec. 1.5,"x:253-413,y:254-674",synthetic
CIT-00040,ANS-0024,DOC-0033,Chunk_4565,6,Sec. 1.3,"x:320-694,y:364-666",synthetic
CIT-00041,ANS-0025,DOC-0020,Chunk_4269,3,Sec. 4.7,"x:237-628,y:120-540",synthetic
CIT-00042,ANS-0025,DOC-0027,Chunk_3593,18,Sec. 4.6,"x:275-525,y:486-544",synthetic
CIT-00043,ANS-0026,DOC-0014,Chunk_6537,7,Sec. 7.2,"x:137-446,y:174-645",synthetic
CIT-00044,ANS-0027,DOC-0003,Chunk_8606,1,Sec. 5.1,"x:384-590,y:403-614",synthetic
CIT-00045,ANS-0027,DOC-0007,Chunk_6859,19,Sec. 2.7,"x:304-425,y:474-536",synthetic
CIT-00046,ANS-0028,DOC-0038,Chunk_1961,6,Sec. 6.6,"x:170-646,y:119-670",synthetic
CIT-00047,ANS-0028,DOC-0024,Chunk_6206,16,Sec. 3.4,"x:339-659,y:194-601",synthetic
CIT-00048,ANS-0029,DOC-0021,Chunk_3791,1,Sec. 8.6,"x:211-432,y:128-595",synthetic
CIT-00049,ANS-0030,DOC-0036,Chunk_7443,7,Sec. 1.5,"x:113-404,y:152-556",synthetic
CIT-00050,ANS-0030,DOC-0002,Chunk_9895,5,Sec. 1.2,"x:161-461,y:228-693",synthetic
CIT-00051,ANS-0031,DOC-0022,Chunk_6847,1,Sec. 2.4,"x:211-403,y:357-560",synthetic
CIT-00052,ANS-0032,DOC-0005,Chunk_9486,19,Sec. 8.4,"x:91-464,y:237-560",synthetic
CIT-00053,ANS-0033,DOC-0030,Chunk_1868,20,Sec. 4.1,"x:247-652,y:270-563",synthetic
CIT-00054,ANS-0034,DOC-0037,Chunk_2786,22,Sec. 8.3,"x:373-656,y:130-598",synthetic
CIT-00055,ANS-0035,DOC-0014,Chunk_4568,13,Sec. 6.3,"x:258-473,y:455-516",synthetic
CIT-00056,ANS-0035,DOC-0008,Chunk_0378,1,Sec. 5.8,"x:209-454,y:247-525",synthetic
CIT-00057,ANS-0036,DOC-0017,Chunk_0356,5,Sec. 2.6,"x:335-632,y:367-638",synthetic
CIT-00058,ANS-0037,DOC-0016,Chunk_3812,2,Sec. 5.7,"x:157-659,y:279-549",synthetic
CIT-00059,ANS-0038,DOC-0018,Chunk_4053,32,Sec. 7.3,"x:108-409,y:135-665",synthetic
CIT-00060,ANS-0038,DOC-0014,Chunk_5059,15,Sec. 3.2,"x:54-601,y:114-521",synthetic
CIT-00061,ANS-0039,DOC-0023,Chunk_4897,4,Sec. 2.4,"x:175-560,y:166-546",synthetic
CIT-00062,ANS-0039,DOC-0022,Chunk_4244,2,Sec. 2.5,"x:224-463,y:379-568",synthetic
CIT-00063,ANS-0040,DOC-0001,Chunk_1391,20,Sec. 5.2,"x:247-411,y:341-507",synthetic
CIT-00064,ANS-0041,DOC-0028,Chunk_6146,2,Sec. 4.2,"x:185-636,y:136-643",synthetic
CIT-00065,ANS-0042,DOC-0022,Chunk_6945,1,Sec. 3.2,"x:254-416,y:136-606",synthetic
CIT-00066,ANS-0043,DOC-0038,Chunk_4607,8,Sec. 3.4,"x:343-618,y:217-650",synthetic
CIT-00067,ANS-0043,DOC-0039,Chunk_5067,15,Sec. 8.7,"x:396-602,y:243-521",synthetic
CIT-00068,ANS-0044,DOC-0025,Chunk_3632,5,Sec. 2.1,"x:235-577,y:251-648",synthetic
CIT-00069,ANS-0045,DOC-0010,Chunk_7631,2,Sec. 3.7,"x:238-625,y:234-507",synthetic
CIT-00070,ANS-0046,DOC-0011,Chunk_6395,11,Sec. 1.6,"x:281-600,y:168-646",synthetic
CIT-00071,ANS-0046,DOC-0018,Chunk_8574,23,Sec. 6.4,"x:293-608,y:411-671",synthetic
CIT-00072,ANS-0047,DOC-0009,Chunk_7924,22,Sec. 5.6,"x:209-524,y:421-657",synthetic
CIT-00073,ANS-0048,DOC-0022,Chunk_3265,1,Sec. 8.2,"x:121-480,y:296-533",synthetic
CIT-00074,ANS-0049,DOC-0024,Chunk_2179,4,Sec. 8.5,"x:54-430,y:425-553",synthetic
CIT-00075,ANS-0050,DOC-0036,Chunk_8379,7,Sec. 6.4,"x:88-639,y:467-696",synthetic
CIT-00076,ANS-0051,DOC-0020,Chunk_6233,4,Sec. 8.1,"x:144-690,y:322-635",synthetic
CIT-00077,ANS-0052,DOC-0033,Chunk_0815,18,Sec. 1.2,"x:227-534,y:161-659",synthetic
CIT-00078,ANS-0053,DOC-0030,Chunk_0150,7,Sec. 3.5,"x:190-447,y:328-691",synthetic
CIT-00079,ANS-0054,DOC-0027,Chunk_4784,14,Sec. 2.2,"x:132-584,y:132-631",synthetic
CIT-00080,ANS-0055,DOC-0017,Chunk_8620,5,Sec. 7.8,"x:131-656,y:170-566",synthetic
CIT-00081,ANS-0056,DOC-0022,Chunk_5776,4,Sec. 4.5,"x:216-543,y:334-620",synthetic
CIT-00082,ANS-0056,DOC-0028,Chunk_1357,1,Sec. 4.2,"x:112-685,y:212-647",synthetic
CIT-00083,ANS-0057,DOC-0022,Chunk_2125,3,Sec. 7.2,"x:242-635,y:109-505",synthetic
CIT-00084,ANS-0058,DOC-0035,Chunk_9093,3,Sec. 8.8,"x:338-515,y:496-569",synthetic
CIT-00085,ANS-0058,DOC-0034,Chunk_0058,13,Sec. 5.8,"x:173-493,y:308-672",synthetic
CIT-00086,ANS-0059,DOC-0037,Chunk_2145,18,Sec. 6.8,"x:70-515,y:135-580",synthetic
CIT-00087,ANS-0059,DOC-0026,Chunk_6400,28,Sec. 6.8,"x:357-575,y:450-509",synthetic
CIT-00088,ANS-0060,DOC-0022,Chunk_9568,4,Sec. 2.6,"x:382-404,y:125-632",synthetic
CIT-00089,ANS-0060,DOC-0029,Chunk_5485,2,Sec. 5.5,"x:347-517,y:239-516",synthetic
CIT-00090,ANS-0061,DOC-0021,Chunk_2807,17,Sec. 8.2,"x:250-608,y:107-535",synthetic
CIT-00091,ANS-0061,DOC-0027,Chunk_1374,7,Sec. 2.8,"x:259-498,y:411-503",synthetic
CIT-00092,ANS-0062,DOC-0016,Chunk_8092,1,Sec. 5.7,"x:329-452,y:490-554",synthetic
CIT-00093,ANS-0062,DOC-0012,Chunk_1921,3,Sec. 3.2,"x:306-579,y:256-609",synthetic
CIT-00094,ANS-0063,DOC-0007,Chunk_2969,20,Sec. 1.8,"x:387-475,y:228-541",synthetic
CIT-00095,ANS-0063,DOC-0036,Chunk_2139,13,Sec. 4.8,"x:348-520,y:338-504",synthetic
CIT-00096,ANS-0064,DOC-0033,Chunk_4729,11,Sec. 1.7,"x:192-541,y:261-599",synthetic
CIT-00097,ANS-0065,DOC-0010,Chunk_5494,5,Sec. 7.3,"x:55-411,y:409-577",synthetic
CIT-00098,ANS-0065,DOC-0005,Chunk_8113,7,Sec. 8.8,"x:66-607,y:341-534",synthetic
CIT-00099,ANS-0066,DOC-0007,Chunk_1461,16,Sec. 3.8,"x:330-590,y:147-504",synthetic
CIT-00100,ANS-0067,DOC-0032,Chunk_7812,5,Sec. 6.1,"x:142-579,y:431-655",synthetic
CIT-00101,ANS-0068,DOC-0001,Chunk_2934,37,Sec. 1.6,"x:296-625,y:186-548",synthetic
CIT-00102,ANS-0068,DOC-0021,Chunk_3936,13,Sec. 1.5,"x:133-568,y:221-690",synthetic
CIT-00103,ANS-0069,DOC-0005,Chunk_1751,2,Sec. 2.4,"x:365-452,y:413-639",synthetic
CIT-00104,ANS-0070,DOC-0001,Chunk_9475,34,Sec. 2.8,"x:192-423,y:425-673",synthetic
CIT-00105,ANS-0071,DOC-0017,Chunk_2346,6,Sec. 3.3,"x:225-480,y:348-649",synthetic
CIT-00106,ANS-0072,DOC-0007,Chunk_4313,22,Sec. 3.6,"x:237-683,y:187-539",synthetic
CIT-00107,ANS-0073,DOC-0031,Chunk_7473,18,Sec. 4.6,"x:311-482,y:102-514",synthetic
CIT-00108,ANS-0073,DOC-0037,Chunk_6816,11,Sec. 5.4,"x:138-624,y:389-692",synthetic
CIT-00109,ANS-0074,DOC-0023,Chunk_7047,5,Sec. 7.5,"x:342-484,y:105-528",synthetic
CIT-00110,ANS-0074,DOC-0027,Chunk_9614,12,Sec. 7.4,"x:385-682,y:187-672",synthetic
CIT-00111,ANS-0075,DOC-0025,Chunk_4372,12,Sec. 8.6,"x:98-441,y:146-560",synthetic
CIT-00112,ANS-0076,DOC-0036,Chunk_7649,14,Sec. 7.4,"x:293-683,y:121-680",synthetic
CIT-00113,ANS-0077,DOC-0019,Chunk_4486,19,Sec. 2.2,"x:153-401,y:300-595",synthetic
CIT-00114,ANS-0077,DOC-0031,Chunk_1764,36,Sec. 6.4,"x:302-511,y:186-634",synthetic
CIT-00115,ANS-0078,DOC-0029,Chunk_5663,1,Sec. 6.5,"x:194-473,y:491-575",synthetic
CIT-00116,ANS-0078,DOC-0036,Chunk_7063,8,Sec. 5.6,"x:179-445,y:166-687",synthetic
CIT-00117,ANS-0079,DOC-0032,Chunk_3194,20,Sec. 8.7,"x:237-542,y:446-671",synthetic
CIT-00118,ANS-0079,DOC-0025,Chunk_9641,31,Sec. 7.1,"x:95-489,y:404-515",synthetic
CIT-00119,ANS-0080,DOC-0040,Chunk_1919,34,Sec. 6.6,"x:152-587,y:411-606",synthetic
CIT-00120,ANS-0081,DOC-0002,Chunk_3246,13,Sec. 8.7,"x:224-579,y:490-649",synthetic
CIT-00121,ANS-0081,DOC-0023,Chunk_2810,13,Sec. 8.1,"x:61-434,y:254-531",synthetic
CIT-00122,ANS-0082,DOC-0025,Chunk_1805,31,Sec. 2.7,"x:177-412,y:271-664",synthetic
CIT-00123,ANS-0082,DOC-0012,Chunk_1211,12,Sec. 3.4,"x:88-691,y:416-628",synthetic
CIT-00124,ANS-0083,DOC-0006,Chunk_1434,1,Sec. 2.1,"x:221-548,y:111-632",synthetic
CIT-00125,ANS-0083,DOC-0004,Chunk_7928,22,Sec. 7.1,"x:354-564,y:445-639",synthetic
CIT-00126,ANS-0084,DOC-0027,Chunk_6919,9,Sec. 7.6,"x:76-666,y:125-559",synthetic
CIT-00127,ANS-0084,DOC-0024,Chunk_9741,3,Sec. 7.2,"x:277-427,y:256-624",synthetic
CIT-00128,ANS-0085,DOC-0001,Chunk_8161,25,Sec. 3.3,"x:397-582,y:463-586",synthetic
CIT-00129,ANS-0085,DOC-0034,Chunk_8256,10,Sec. 2.5,"x:124-628,y:111-665",synthetic
CIT-00130,ANS-0086,DOC-0002,Chunk_6303,2,Sec. 3.3,"x:231-675,y:284-579",synthetic
CIT-00131,ANS-0086,DOC-0025,Chunk_8874,12,Sec. 4.1,"x:151-566,y:460-565",synthetic
CIT-00132,ANS-0087,DOC-0033,Chunk_3605,8,Sec. 1.8,"x:88-464,y:155-641",synthetic
CIT-00133,ANS-0087,DOC-0013,Chunk_7049,24,Sec. 1.3,"x:51-419,y:289-552",synthetic
CIT-00134,ANS-0088,DOC-0040,Chunk_4519,37,Sec. 6.4,"x:215-426,y:254-616",synthetic
CIT-00135,ANS-0089,DOC-0028,Chunk_5150,2,Sec. 3.7,"x:178-678,y:308-627",synthetic
CIT-00136,ANS-0090,DOC-0008,Chunk_1927,1,Sec. 4.7,"x:372-657,y:321-683",synthetic
CIT-00137,ANS-0091,DOC-0012,Chunk_1808,12,Sec. 3.2,"x:179-580,y:208-571",synthetic
CIT-00138,ANS-0092,DOC-0020,Chunk_7140,27,Sec. 2.3,"x:276-464,y:127-564",synthetic
CIT-00139,ANS-0093,DOC-0009,Chunk_1298,27,Sec. 2.6,"x:248-437,y:240-663",synthetic
CIT-00140,ANS-0093,DOC-0027,Chunk_6881,14,Sec. 1.8,"x:167-638,y:286-615",synthetic
CIT-00141,ANS-0094,DOC-0005,Chunk_1174,19,Sec. 2.8,"x:58-404,y:137-609",synthetic
CIT-00142,ANS-0095,DOC-0031,Chunk_8199,2,Sec. 5.6,"x:198-677,y:364-506",synthetic
CIT-00143,ANS-0096,DOC-0010,Chunk_1315,25,Sec. 2.1,"x:127-646,y:339-663",synthetic
CIT-00144,ANS-0096,DOC-0006,Chunk_1170,1,Sec. 4.2,"x:244-480,y:488-575",synthetic
CIT-00145,ANS-0097,DOC-0025,Chunk_5201,7,Sec. 4.3,"x:300-572,y:392-688",synthetic
CIT-00146,ANS-0098,DOC-0025,Chunk_2015,20,Sec. 4.3,"x:333-672,y:252-636",synthetic
CIT-00147,ANS-0098,DOC-0037,Chunk_0119,9,Sec. 6.4,"x:327-542,y:125-586",synthetic
CIT-00148,ANS-0099,DOC-0013,Chunk_1474,7,Sec. 2.5,"x:398-585,y:426-670",synthetic
CIT-00149,ANS-0100,DOC-0005,Chunk_2431,21,Sec. 7.7,"x:394-504,y:157-671",synthetic
CIT-00150,ANS-0100,DOC-0012,Chunk_9583,10,Sec. 3.3,"x:263-518,y:212-541",synthetic
CIT-00151,ANS-0101,DOC-0039,Chunk_0937,2,Sec. 6.1,"x:196-436,y:334-506",synthetic
CIT-00152,ANS-0101,DOC-0015,Chunk_4110,28,Sec. 1.4,"x:333-587,y:400-563",synthetic
CIT-00153,ANS-0102,DOC-0016,Chunk_6052,1,Sec. 1.8,"x:295-468,y:120-635",synthetic
CIT-00154,ANS-0102,DOC-0024,Chunk_0499,17,Sec. 6.4,"x:133-481,y:280-511",synthetic
CIT-00155,ANS-0103,DOC-0009,Chunk_1129,5,Sec. 3.4,"x:172-606,y:308-538",synthetic
CIT-00156,ANS-0104,DOC-0025,Chunk_4700,2,Sec. 8.6,"x:211-448,y:143-557",synthetic
CIT-00157,ANS-0104,DOC-0031,Chunk_2093,16,Sec. 1.3,"x:354-659,y:103-635",synthetic
CIT-00158,ANS-0105,DOC-0002,Chunk_3903,10,Sec. 2.4,"x:377-583,y:272-524",synthetic
CIT-00159,ANS-0105,DOC-0018,Chunk_1626,29,Sec. 3.3,"x:109-512,y:370-583",synthetic
CIT-00160,ANS-0106,DOC-0029,Chunk_1602,5,Sec. 8.8,"x:399-433,y:295-509",synthetic
CIT-00161,ANS-0107,DOC-0017,Chunk_7733,3,Sec. 1.4,"x:199-587,y:139-622",synthetic
CIT-00162,ANS-0108,DOC-0028,Chunk_9837,1,Sec. 7.2,"x:394-544,y:398-655",synthetic
CIT-00163,ANS-0109,DOC-0040,Chunk_7541,18,Sec. 6.5,"x:212-435,y:217-687",synthetic
CIT-00164,ANS-0109,DOC-0038,Chunk_6360,3,Sec. 6.4,"x:126-443,y:258-613",synthetic
CIT-00165,ANS-0110,DOC-0013,Chunk_2696,12,Sec. 6.4,"x:214-448,y:317-692",synthetic
CIT-00166,ANS-0111,DOC-0025,Chunk_3070,14,Sec. 1.1,"x:321-652,y:487-625",synthetic
CIT-00167,ANS-0111,DOC-0037,Chunk_4164,6,Sec. 2.2,"x:310-402,y:478-654",synthetic
CIT-00168,ANS-0112,DOC-0031,Chunk_1349,16,Sec. 1.1,"x:52-638,y:397-678",synthetic
CIT-00169,ANS-0113,DOC-0008,Chunk_9927,1,Sec. 7.6,"x:106-441,y:491-676",synthetic
CIT-00170,ANS-0113,DOC-0016,Chunk_0748,1,Sec. 1.6,"x:183-414,y:491-665",synthetic
CIT-00171,ANS-0114,DOC-0007,Chunk_0142,18,Sec. 7.7,"x:142-517,y:471-513",synthetic
CIT-00172,ANS-0114,DOC-0033,Chunk_7926,21,Sec. 5.7,"x:368-629,y:146-548",synthetic
CIT-00173,ANS-0115,DOC-0029,Chunk_3606,3,Sec. 6.1,"x:325-597,y:484-501",synthetic
CIT-00174,ANS-0116,DOC-0003,Chunk_4936,4,Sec. 1.7,"x:138-688,y:249-537",synthetic
CIT-00175,ANS-0118,DOC-0020,Chunk_4708,38,Sec. 3.4,"x:268-451,y:431-545",synthetic
CIT-00176,ANS-0118,DOC-0031,Chunk_0108,13,Sec. 5.6,"x:364-633,y:228-665",synthetic
CIT-00177,ANS-0119,DOC-0009,Chunk_3580,22,Sec. 2.8,"x:144-517,y:341-585",synthetic
CIT-00178,ANS-0120,DOC-0028,Chunk_4358,1,Sec. 6.6,"x:126-655,y:256-530",synthetic
CIT-00179,ANS-0121,DOC-0037,Chunk_2160,11,Sec. 6.7,"x:221-672,y:221-674",synthetic
CIT-00180,ANS-0123,DOC-0033,Chunk_7252,20,Sec. 8.8,"x:85-586,y:381-620",synthetic
CIT-00181,ANS-0124,DOC-0027,Chunk_6705,16,Sec. 2.1,"x:191-494,y:493-685",synthetic
CIT-00182,ANS-0125,DOC-0001,Chunk_2288,47,Sec. 4.4,"x:67-453,y:177-597",synthetic
CIT-00183,ANS-0125,DOC-0032,Chunk_1023,17,Sec. 7.1,"x:246-688,y:261-536",synthetic
CIT-00184,ANS-0126,DOC-0009,Chunk_4052,5,Sec. 7.7,"x:296-425,y:132-543",synthetic
CIT-00185,ANS-0127,DOC-0007,Chunk_3923,17,Sec. 1.6,"x:376-439,y:360-601",synthetic
CIT-00186,ANS-0128,DOC-0002,Chunk_7879,17,Sec. 3.1,"x:135-653,y:327-586",synthetic
CIT-00187,ANS-0129,DOC-0038,Chunk_4654,5,Sec. 7.5,"x:374-567,y:237-684",synthetic
CIT-00188,ANS-0130,DOC-0007,Chunk_6710,13,Sec. 1.3,"x:369-571,y:409-534",synthetic
CIT-00189,ANS-0130,DOC-0029,Chunk_9411,6,Sec. 8.7,"x:167-684,y:410-525",synthetic
CIT-00190,ANS-0131,DOC-0029,Chunk_7403,2,Sec. 3.4,"x:97-499,y:371-694",synthetic
CIT-00191,ANS-0132,DOC-0019,Chunk_5301,21,Sec. 5.8,"x:70-554,y:120-675",synthetic
CIT-00192,ANS-0133,DOC-0015,Chunk_6238,17,Sec. 1.8,"x:182-407,y:345-575",synthetic
CIT-00193,ANS-0133,DOC-0015,Chunk_1624,33,Sec. 4.4,"x:331-564,y:100-615",synthetic
CIT-00194,ANS-0134,DOC-0035,Chunk_1808,1,Sec. 7.1,"x:254-650,y:240-540",synthetic
CIT-00195,ANS-0134,DOC-0028,Chunk_6302,1,Sec. 5.1,"x:189-491,y:433-695",synthetic
CIT-00196,ANS-0135,DOC-0022,Chunk_0228,1,Sec. 7.4,"x:227-607,y:238-636",synthetic
CIT-00197,ANS-0135,DOC-0005,Chunk_2404,15,Sec. 2.3,"x:323-694,y:125-629",synthetic
CIT-00198,ANS-0136,DOC-0033,Chunk_7867,2,Sec. 6.3,"x:104-534,y:110-626",synthetic
CIT-00199,ANS-0136,DOC-0033,Chunk_5127,1,Sec. 7.1,"x:141-518,y:380-581",synthetic
CIT-00200,ANS-0137,DOC-0023,Chunk_7649,1,Sec. 7.2,"x:360-693,y:133-519",synthetic
CIT-00201,ANS-0137,DOC-0010,Chunk_1433,26,Sec. 5.5,"x:351-465,y:322-699",synthetic
CIT-00202,ANS-0138,DOC-0027,Chunk_1461,7,Sec. 2.2,"x:348-539,y:243-583",synthetic
CIT-00203,ANS-0139,DOC-0040,Chunk_4689,35,Sec. 1.4,"x:311-554,y:447-677",synthetic
CIT-00204,ANS-0139,DOC-0027,Chunk_8176,5,Sec. 2.8,"x:54-505,y:351-582",synthetic
CIT-00205,ANS-0140,DOC-0035,Chunk_5528,1,Sec. 2.2,"x:309-460,y:367-569",synthetic
CIT-00206,ANS-0140,DOC-0018,Chunk_8738,35,Sec. 1.7,"x:384-600,y:174-632",synthetic
CIT-00207,ANS-0141,DOC-0027,Chunk_4288,10,Sec. 6.4,"x:320-612,y:221-622",synthetic
CIT-00208,ANS-0141,DOC-0032,Chunk_4899,20,Sec. 2.4,"x:295-668,y:358-632",synthetic
CIT-00209,ANS-0142,DOC-0020,Chunk_3563,3,Sec. 2.5,"x:386-548,y:444-655",synthetic
CIT-00210,ANS-0143,DOC-0029,Chunk_4016,6,Sec. 6.6,"x:234-529,y:490-513",synthetic
CIT-00211,ANS-0143,DOC-0039,Chunk_4790,2,Sec. 3.5,"x:191-460,y:213-620",synthetic
CIT-00212,ANS-0144,DOC-0031,Chunk_5473,6,Sec. 2.4,"x:136-606,y:246-666",synthetic
CIT-00213,ANS-0144,DOC-0027,Chunk_4963,13,Sec. 2.7,"x:255-594,y:281-687",synthetic
CIT-00214,ANS-0145,DOC-0025,Chunk_5555,34,Sec. 3.5,"x:314-481,y:307-610",synthetic
CIT-00215,ANS-0145,DOC-0030,Chunk_1776,17,Sec. 2.8,"x:233-611,y:258-559",synthetic
CIT-00216,ANS-0146,DOC-0033,Chunk_3975,8,Sec. 2.5,"x:287-557,y:201-549",synthetic
CIT-00217,ANS-0147,DOC-0030,Chunk_2038,28,Sec. 3.3,"x:262-640,y:285-633",synthetic
CIT-00218,ANS-0149,DOC-0032,Chunk_0666,4,Sec. 5.2,"x:62-453,y:409-617",synthetic
CIT-00219,ANS-0150,DOC-0018,Chunk_3857,36,Sec. 3.1,"x:88-482,y:174-531",synthetic
CIT-00220,ANS-0151,DOC-0019,Chunk_2005,11,Sec. 8.2,"x:340-586,y:471-611",synthetic
CIT-00221,ANS-0152,DOC-0012,Chunk_5749,10,Sec. 8.1,"x:104-405,y:416-516",synthetic
CIT-00222,ANS-0152,DOC-0021,Chunk_3648,7,Sec. 8.6,"x:241-666,y:401-627",synthetic
CIT-00223,ANS-0153,DOC-0009,Chunk_7192,37,Sec. 8.5,"x:175-684,y:499-524",synthetic
CIT-00224,ANS-0154,DOC-0020,Chunk_7485,39,Sec. 3.8,"x:275-424,y:304-526",synthetic
CIT-00225,ANS-0154,DOC-0021,Chunk_7631,21,Sec. 5.4,"x:199-684,y:160-676",synthetic
CIT-00226,ANS-0155,DOC-0016,Chunk_6669,1,Sec. 2.2,"x:322-423,y:344-521",synthetic
CIT-00227,ANS-0156,DOC-0034,Chunk_4140,3,Sec. 4.6,"x:304-590,y:332-626",synthetic
CIT-00228,ANS-0156,DOC-0034,Chunk_2067,13,Sec. 5.7,"x:268-536,y:328-638",synthetic
CIT-00229,ANS-0157,DOC-0007,Chunk_7230,2,Sec. 1.2,"x:256-471,y:274-526",synthetic
CIT-00230,ANS-0158,DOC-0023,Chunk_8073,7,Sec. 2.5,"x:376-647,y:453-581",synthetic
CIT-00231,ANS-0159,DOC-0008,Chunk_3051,2,Sec. 2.7,"x:370-653,y:351-671",synthetic
CIT-00232,ANS-0160,DOC-0035,Chunk_5109,3,Sec. 1.8,"x:250-431,y:303-507",synthetic
CIT-00233,ANS-0161,DOC-0011,Chunk_8157,3,Sec. 3.4,"x:239-400,y:355-599",synthetic
CIT-00234,ANS-0162,DOC-0040,Chunk_4938,4,Sec. 8.7,"x:174-538,y:442-559",synthetic
CIT-00235,ANS-0162,DOC-0031,Chunk_2420,27,Sec. 2.1,"x:107-695,y:449-690",synthetic
CIT-00236,ANS-0163,DOC-0024,Chunk_4907,9,Sec. 1.5,"x:63-482,y:216-634",synthetic
CIT-00237,ANS-0164,DOC-0009,Chunk_4354,21,Sec. 5.2,"x:385-675,y:196-523",synthetic
CIT-00238,ANS-0164,DOC-0040,Chunk_6291,2,Sec. 1.6,"x:101-420,y:108-641",synthetic
CIT-00239,ANS-0165,DOC-0011,Chunk_6395,5,Sec. 5.4,"x:286-587,y:370-542",synthetic
CIT-00240,ANS-0166,DOC-0018,Chunk_0574,19,Sec. 6.7,"x:278-698,y:322-589",synthetic
CIT-00241,ANS-0167,DOC-0030,Chunk_8107,10,Sec. 1.1,"x:271-598,y:148-504",synthetic
CIT-00242,ANS-0169,DOC-0014,Chunk_4177,7,Sec. 6.6,"x:68-426,y:322-620",synthetic
CIT-00243,ANS-0169,DOC-0012,Chunk_1581,10,Sec. 4.1,"x:263-422,y:192-642",synthetic
CIT-00244,ANS-0170,DOC-0016,Chunk_9599,1,Sec. 5.7,"x:396-642,y:235-670",synthetic
CIT-00245,ANS-0171,DOC-0020,Chunk_1994,21,Sec. 8.7,"x:399-441,y:400-644",synthetic
CIT-00246,ANS-0172,DOC-0018,Chunk_1045,37,Sec. 3.6,"x:380-547,y:183-596",synthetic
CIT-00247,ANS-0173,DOC-0027,Chunk_8109,7,Sec. 6.6,"x:242-562,y:172-605",synthetic
CIT-00248,ANS-0174,DOC-0011,Chunk_2320,18,Sec. 8.4,"x:339-454,y:327-688",synthetic
CIT-00249,ANS-0174,DOC-0009,Chunk_5067,7,Sec. 5.5,"x:393-460,y:246-629",synthetic
CIT-00250,ANS-0175,DOC-0032,Chunk_6948,24,Sec. 6.4,"x:132-486,y:120-530",synthetic
CIT-00251,ANS-0175,DOC-0018,Chunk_1405,1,Sec. 6.1,"x:99-578,y:468-644",synthetic
CIT-00252,ANS-0176,DOC-0017,Chunk_7403,5,Sec. 4.8,"x:360-622,y:399-656",synthetic
CIT-00253,ANS-0177,DOC-0039,Chunk_9398,8,Sec. 1.3,"x:144-684,y:278-632",synthetic
CIT-00254,ANS-0178,DOC-0022,Chunk_7490,7,Sec. 6.2,"x:304-496,y:232-628",synthetic
CIT-00255,ANS-0178,DOC-0003,Chunk_0244,6,Sec. 5.6,"x:333-590,y:344-658",synthetic
CIT-00256,ANS-0179,DOC-0027,Chunk_7240,4,Sec. 2.8,"x:363-698,y:140-679",synthetic
CIT-00257,ANS-0180,DOC-0030,Chunk_4978,15,Sec. 4.1,"x:225-471,y:180-511",synthetic
CIT-00258,ANS-0180,DOC-0030,Chunk_0479,25,Sec. 8.7,"x:155-448,y:301-634",synthetic
CIT-00259,ANS-0181,DOC-0004,Chunk_4385,26,Sec. 1.4,"x:210-414,y:382-686",synthetic
CIT-00260,ANS-0182,DOC-0023,Chunk_6360,6,Sec. 3.7,"x:256-479,y:262-666",synthetic
CIT-00261,ANS-0182,DOC-0013,Chunk_0761,34,Sec. 6.3,"x:388-685,y:498-575",synthetic
CIT-00262,ANS-0183,DOC-0019,Chunk_8706,24,Sec. 3.2,"x:388-550,y:471-610",synthetic
CIT-00263,ANS-0183,DOC-0012,Chunk_0733,6,Sec. 5.1,"x:106-577,y:199-640",synthetic
CIT-00264,ANS-0184,DOC-0010,Chunk_1174,11,Sec. 5.5,"x:144-408,y:473-691",synthetic
CIT-00265,ANS-0185,DOC-0033,Chunk_6025,4,Sec. 8.1,"x:214-657,y:390-672",synthetic
CIT-00266,ANS-0185,DOC-0030,Chunk_0953,1,Sec. 2.1,"x:206-415,y:174-583",synthetic
CIT-00267,ANS-0186,DOC-0038,Chunk_0581,9,Sec. 5.3,"x:183-654,y:285-549",synthetic
CIT-00268,ANS-0186,DOC-0024,Chunk_0685,3,Sec. 3.2,"x:172-419,y:344-523",synthetic
CIT-00269,ANS-0187,DOC-0010,Chunk_0060,8,Sec. 5.3,"x:162-438,y:269-651",synthetic
CIT-00270,ANS-0188,DOC-0016,Chunk_6996,2,Sec. 4.5,"x:252-643,y:300-580",synthetic
CIT-00271,ANS-0188,DOC-0017,Chunk_8594,3,Sec. 7.6,"x:50-595,y:295-547",synthetic
CIT-00272,ANS-0189,DOC-0018,Chunk_0863,25,Sec. 7.1,"x:52-418,y:392-669",synthetic
CIT-00273,ANS-0190,DOC-0012,Chunk_4820,1,Sec. 3.3,"x:262-672,y:421-512",synthetic
CIT-00274,ANS-0190,DOC-0002,Chunk_2749,5,Sec. 3.5,"x:308-681,y:381-559",synthetic
CIT-00275,ANS-0191,DOC-0025,Chunk_7995,37,Sec. 4.2,"x:51-423,y:354-617",synthetic
CIT-00276,ANS-0192,DOC-0029,Chunk_4369,3,Sec. 3.5,"x:146-597,y:215-602",synthetic
CIT-00277,ANS-0192,DOC-0036,Chunk_3837,3,Sec. 5.8,"x:275-623,y:421-507",synthetic
CIT-00278,ANS-0193,DOC-0018,Chunk_6647,40,Sec. 8.4,"x:343-585,y:153-547",synthetic
CIT-00279,ANS-0193,DOC-0028,Chunk_9151,2,Sec. 4.3,"x:332-406,y:458-620",synthetic
CIT-00280,ANS-0194,DOC-0034,Chunk_9792,10,Sec. 1.5,"x:350-422,y:394-548",synthetic
CIT-00281,ANS-0194,DOC-0018,Chunk_8824,20,Sec. 1.1,"x:307-679,y:216-687",synthetic
CIT-00282,ANS-0195,DOC-0012,Chunk_5309,14,Sec. 3.8,"x:278-518,y:377-580",synthetic
CIT-00283,ANS-0196,DOC-0036,Chunk_3739,10,Sec. 6.1,"x:302-509,y:317-591",synthetic
CIT-00284,ANS-0197,DOC-0012,Chunk_1077,6,Sec. 1.2,"x:280-645,y:377-563",synthetic
CIT-00285,ANS-0197,DOC-0029,Chunk_4061,3,Sec. 7.5,"x:179-598,y:389-544",synthetic
CIT-00286,ANS-0198,DOC-0039,Chunk_0516,22,Sec. 4.2,"x:259-512,y:255-543",synthetic
CIT-00287,ANS-0199,DOC-0007,Chunk_6186,6,Sec. 7.1,"x:151-410,y:439-508",synthetic
CIT-00288,ANS-0199,DOC-0026,Chunk_1916,8,Sec. 5.7,"x:56-447,y:214-688",synthetic
CIT-00289,ANS-0200,DOC-0010,Chunk_4036,9,Sec. 1.5,"x:262-453,y:375-511",synthetic
CIT-00290,ANS-0201,DOC-0011,Chunk_2243,6,Sec. 7.5,"x:291-461,y:122-507",synthetic
CIT-00291,ANS-0201,DOC-0006,Chunk_3264,1,Sec. 7.7,"x:158-530,y:252-635",synthetic
CIT-00292,ANS-0202,DOC-0008,Chunk_0555,1,Sec. 8.3,"x:111-459,y:110-656",synthetic
CIT-00293,ANS-0202,DOC-0022,Chunk_5961,3,Sec. 1.8,"x:309-645,y:474-682",synthetic
CIT-00294,ANS-0203,DOC-0040,Chunk_6969,17,Sec. 2.4,"x:213-413,y:438-681",synthetic
CIT-00295,ANS-0203,DOC-0034,Chunk_4961,11,Sec. 4.6,"x:230-481,y:417-538",synthetic
CIT-00296,ANS-0204,DOC-0014,Chunk_7098,25,Sec. 6.1,"x:347-524,y:103-615",synthetic
CIT-00297,ANS-0205,DOC-0039,Chunk_4710,3,Sec. 7.5,"x:387-539,y:337-662",synthetic
CIT-00298,ANS-0206,DOC-0029,Chunk_1846,12,Sec. 6.5,"x:123-570,y:321-696",synthetic
CIT-00299,ANS-0207,DOC-0029,Chunk_3898,5,Sec. 4.1,"x:62-625,y:201-582",synthetic
CIT-00300,ANS-0207,DOC-0005,Chunk_6074,8,Sec. 7.2,"x:215-431,y:312-519",synthetic
CIT-00301,ANS-0208,DOC-0007,Chunk_2455,14,Sec. 3.5,"x:108-550,y:142-530",synthetic
CIT-00302,ANS-0208,DOC-0014,Chunk_5006,8,Sec. 1.4,"x:374-612,y:123-687",synthetic
CIT-00303,ANS-0209,DOC-0001,Chunk_0006,15,Sec. 7.3,"x:108-427,y:469-662",synthetic
CIT-00304,ANS-0212,DOC-0014,Chunk_8207,10,Sec. 6.3,"x:137-614,y:180-571",synthetic
CIT-00305,ANS-0213,DOC-0023,Chunk_8283,10,Sec. 7.5,"x:111-483,y:241-688",synthetic
CIT-00306,ANS-0214,DOC-0035,Chunk_1227,3,Sec. 6.4,"x:171-506,y:190-619",synthetic
CIT-00307,ANS-0215,DOC-0036,Chunk_7482,10,Sec. 7.7,"x:63-406,y:466-531",synthetic
CIT-00308,ANS-0215,DOC-0035,Chunk_7530,2,Sec. 1.1,"x:284-669,y:237-608",synthetic
CIT-00309,ANS-0216,DOC-0034,Chunk_5405,9,Sec. 8.7,"x:195-607,y:231-684",synthetic
CIT-00310,ANS-0216,DOC-0038,Chunk_2255,4,Sec. 2.5,"x:299-667,y:300-624",synthetic
CIT-00311,ANS-0217,DOC-0018,Chunk_7085,1,Sec. 5.8,"x:325-551,y:227-667",synthetic
CIT-00312,ANS-0217,DOC-0026,Chunk_3680,4,Sec. 5.6,"x:376-667,y:191-550",synthetic
CIT-00313,ANS-0218,DOC-0040,Chunk_4583,12,Sec. 4.5,"x:152-523,y:241-521",synthetic
CIT-00314,ANS-0218,DOC-0005,Chunk_8912,11,Sec. 2.6,"x:236-565,y:337-643",synthetic
CIT-00315,ANS-0219,DOC-0022,Chunk_0957,2,Sec. 8.6,"x:282-609,y:113-542",synthetic
CIT-00316,ANS-0220,DOC-0018,Chunk_5085,31,Sec. 1.7,"x:288-521,y:299-514",synthetic
CIT-00317,ANS-0220,DOC-0012,Chunk_2464,13,Sec. 1.3,"x:96-485,y:104-554",synthetic
CIT-00318,ANS-0221,DOC-0001,Chunk_3794,34,Sec. 5.8,"x:331-468,y:335-657",synthetic
CIT-00319,ANS-0221,DOC-0010,Chunk_5730,11,Sec. 3.2,"x:62-624,y:427-630",synthetic
CIT-00320,ANS-0222,DOC-0012,Chunk_6317,3,Sec. 5.8,"x:51-573,y:497-566",synthetic
CIT-00321,ANS-0223,DOC-0039,Chunk_4864,11,Sec. 6.5,"x:216-457,y:397-542",synthetic
CIT-00322,ANS-0223,DOC-0017,Chunk_0672,3,Sec. 1.3,"x:134-537,y:411-590",synthetic
CIT-00323,ANS-0224,DOC-0002,Chunk_1131,19,Sec. 5.1,"x:247-403,y:130-574",synthetic
CIT-00324,ANS-0224,DOC-0036,Chunk_6203,13,Sec. 2.2,"x:236-660,y:389-633",synthetic
CIT-00325,ANS-0225,DOC-0013,Chunk_9843,23,Sec. 3.6,"x:274-678,y:144-603",synthetic
CIT-00326,ANS-0226,DOC-0032,Chunk_8403,2,Sec. 1.7,"x:94-525,y:212-637",synthetic
CIT-00327,ANS-0226,DOC-0036,Chunk_3569,16,Sec. 3.5,"x:395-582,y:401-691",synthetic
CIT-00328,ANS-0227,DOC-0040,Chunk_5082,31,Sec. 6.3,"x:245-500,y:258-558",synthetic
CIT-00329,ANS-0227,DOC-0021,Chunk_3467,15,Sec. 3.4,"x:99-515,y:242-692",synthetic
CIT-00330,ANS-0228,DOC-0020,Chunk_3093,29,Sec. 2.2,"x:180-507,y:292-506",synthetic
CIT-00331,ANS-0229,DOC-0039,Chunk_7111,20,Sec. 2.4,"x:62-610,y:221-576",synthetic
CIT-00332,ANS-0229,DOC-0021,Chunk_3650,10,Sec. 2.8,"x:147-454,y:319-563",synthetic
CIT-00333,ANS-0230,DOC-0021,Chunk_0783,12,Sec. 1.1,"x:82-448,y:239-687",synthetic
CIT-00334,ANS-0231,DOC-0029,Chunk_9910,8,Sec. 5.7,"x:219-479,y:311-645",synthetic
CIT-00335,ANS-0231,DOC-0022,Chunk_1699,7,Sec. 3.7,"x:159-419,y:498-617",synthetic
CIT-00336,ANS-0232,DOC-0001,Chunk_1292,8,Sec. 8.2,"x:106-651,y:451-541",synthetic
CIT-00337,ANS-0233,DOC-0039,Chunk_5768,11,Sec. 7.8,"x:304-670,y:144-631",synthetic
CIT-00338,ANS-0233,DOC-0036,Chunk_5356,16,Sec. 3.8,"x:378-586,y:381-604",synthetic
CIT-00339,ANS-0234,DOC-0005,Chunk_9623,1,Sec. 2.4,"x:168-587,y:244-631",synthetic
CIT-00340,ANS-0236,DOC-0025,Chunk_6927,18,Sec. 6.6,"x:164-528,y:485-692",synthetic
CIT-00341,ANS-0237,DOC-0001,Chunk_4909,1,Sec. 6.1,"x:161-607,y:425-582",synthetic
CIT-00342,ANS-0238,DOC-0038,Chunk_4475,2,Sec. 6.1,"x:362-516,y:404-647",synthetic
CIT-00343,ANS-0238,DOC-0035,Chunk_9716,3,Sec. 8.1,"x:219-685,y:425-590",synthetic
CIT-00344,ANS-0240,DOC-0008,Chunk_5722,2,Sec. 8.1,"x:188-481,y:484-533",synthetic
CIT-00345,ANS-0241,DOC-0024,Chunk_1057,11,Sec. 5.5,"x:367-529,y:224-575",synthetic
CIT-00346,ANS-0242,DOC-0010,Chunk_1692,18,Sec. 6.2,"x:244-569,y:170-501",synthetic
CIT-00347,ANS-0242,DOC-0019,Chunk_6153,31,Sec. 4.5,"x:393-467,y:361-526",synthetic
CIT-00348,ANS-0243,DOC-0017,Chunk_1298,4,Sec. 5.7,"x:241-609,y:457-665",synthetic
CIT-00349,ANS-0244,DOC-0018,Chunk_1694,20,Sec. 6.6,"x:325-431,y:169-529",synthetic
CIT-00350,ANS-0244,DOC-0026,Chunk_6339,5,Sec. 7.3,"x:281-625,y:114-672",synthetic
CIT-00351,ANS-0245,DOC-0017,Chunk_1395,3,Sec. 2.4,"x:391-628,y:408-584",synthetic
CIT-00352,ANS-0245,DOC-0010,Chunk_9199,21,Sec. 7.6,"x:83-485,y:407-565",synthetic
CIT-00353,ANS-0246,DOC-0034,Chunk_4883,12,Sec. 3.3,"x:170-511,y:275-559",synthetic
CIT-00354,ANS-0247,DOC-0024,Chunk_4415,15,Sec. 4.1,"x:50-530,y:359-688",synthetic
CIT-00355,ANS-0247,DOC-0037,Chunk_5426,7,Sec. 4.4,"x:159-405,y:129-604",synthetic
CIT-00356,ANS-0248,DOC-0022,Chunk_0905,1,Sec. 2.4,"x:107-469,y:220-558",synthetic
CIT-00357,ANS-0249,DOC-0015,Chunk_9500,27,Sec. 1.3,"x:184-671,y:451-654",synthetic
CIT-00358,ANS-0250,DOC-0023,Chunk_4836,9,Sec. 7.3,"x:244-479,y:184-562",synthetic
CIT-00359,ANS-0251,DOC-0034,Chunk_6813,9,Sec. 3.8,"x:66-669,y:103-576",synthetic
CIT-00360,ANS-0251,DOC-0026,Chunk_6842,12,Sec. 8.2,"x:284-555,y:182-684",synthetic
CIT-00361,ANS-0252,DOC-0006,Chunk_0869,1,Sec. 1.4,"x:195-617,y:370-503",synthetic
CIT-00362,ANS-0252,DOC-0003,Chunk_7847,6,Sec. 3.1,"x:103-502,y:277-570",synthetic
CIT-00363,ANS-0253,DOC-0005,Chunk_2899,11,Sec. 1.7,"x:195-495,y:462-648",synthetic
CIT-00364,ANS-0254,DOC-0017,Chunk_0022,4,Sec. 3.4,"x:228-561,y:100-521",synthetic
CIT-00365,ANS-0255,DOC-0009,Chunk_8370,36,Sec. 4.7,"x:358-667,y:159-529",synthetic
CIT-00366,ANS-0255,DOC-0023,Chunk_5037,14,Sec. 3.7,"x:360-689,y:175-548",synthetic
CIT-00367,ANS-0256,DOC-0040,Chunk_6866,16,Sec. 1.5,"x:306-542,y:207-618",synthetic
CIT-00368,ANS-0257,DOC-0003,Chunk_8729,2,Sec. 5.7,"x:124-484,y:119-574",synthetic
CIT-00369,ANS-0257,DOC-0030,Chunk_7463,3,Sec. 6.5,"x:395-504,y:237-548",synthetic
CIT-00370,ANS-0258,DOC-0033,Chunk_1134,25,Sec. 6.1,"x:266-491,y:172-594",synthetic
CIT-00371,ANS-0258,DOC-0023,Chunk_0005,5,Sec. 8.4,"x:84-528,y:372-699",synthetic
CIT-00372,ANS-0259,DOC-0034,Chunk_8090,11,Sec. 6.8,"x:319-469,y:268-601",synthetic
CIT-00373,ANS-0259,DOC-0039,Chunk_6387,24,Sec. 1.5,"x:63-553,y:268-541",synthetic
CIT-00374,ANS-0260,DOC-0034,Chunk_0564,5,Sec. 7.1,"x:222-525,y:446-500",synthetic
CIT-00375,ANS-0260,DOC-0029,Chunk_5650,3,Sec. 6.3,"x:246-411,y:377-603",synthetic
CIT-00376,ANS-0261,DOC-0004,Chunk_0595,2,Sec. 6.4,"x:331-477,y:387-623",synthetic
CIT-00377,ANS-0262,DOC-0030,Chunk_7073,22,Sec. 6.4,"x:303-652,y:395-621",synthetic
CIT-00378,ANS-0262,DOC-0010,Chunk_4366,2,Sec. 1.3,"x:212-558,y:460-652",synthetic
CIT-00379,ANS-0264,DOC-0002,Chunk_7125,6,Sec. 8.7,"x:288-474,y:348-664",synthetic
CIT-00380,ANS-0265,DOC-0018,Chunk_5151,15,Sec. 6.4,"x:398-489,y:244-500",synthetic
CIT-00381,ANS-0266,DOC-0022,Chunk_7627,3,Sec. 2.3,"x:246-635,y:491-509",synthetic
CIT-00382,ANS-0267,DOC-0040,Chunk_8081,2,Sec. 6.8,"x:63-637,y:145-696",synthetic
CIT-00383,ANS-0267,DOC-0032,Chunk_9100,25,Sec. 3.4,"x:292-452,y:222-519",synthetic
CIT-00384,ANS-0268,DOC-0010,Chunk_4107,12,Sec. 4.7,"x:369-571,y:434-522",synthetic
CIT-00385,ANS-0268,DOC-0018,Chunk_1159,3,Sec. 1.2,"x:343-490,y:416-584",synthetic
CIT-00386,ANS-0269,DOC-0010,Chunk_2324,8,Sec. 5.7,"x:255-466,y:386-639",synthetic
CIT-00387,ANS-0270,DOC-0009,Chunk_8431,24,Sec. 3.3,"x:203-456,y:222-526",synthetic
CIT-00388,ANS-0271,DOC-0036,Chunk_1284,8,Sec. 4.1,"x:340-695,y:355-634",synthetic
CIT-00389,ANS-0272,DOC-0002,Chunk_7842,9,Sec. 6.8,"x:260-459,y:232-537",synthetic
CIT-00390,ANS-0273,DOC-0028,Chunk_1898,2,Sec. 3.4,"x:234-437,y:173-561",synthetic
CIT-00391,ANS-0274,DOC-0006,Chunk_5462,1,Sec. 7.7,"x:171-645,y:124-585",synthetic
CIT-00392,ANS-0275,DOC-0006,Chunk_7394,1,Sec. 7.4,"x:146-574,y:447-697",synthetic
CIT-00393,ANS-0275,DOC-0028,Chunk_2450,1,Sec. 5.4,"x:263-676,y:319-571",synthetic
CIT-00394,ANS-0276,DOC-0035,Chunk_6049,1,Sec. 5.4,"x:93-463,y:381-536",synthetic
CIT-00395,ANS-0276,DOC-0034,Chunk_0576,1,Sec. 4.4,"x:268-571,y:314-699",synthetic
CIT-00396,ANS-0277,DOC-0038,Chunk_0796,8,Sec. 3.3,"x:97-552,y:259-694",synthetic
CIT-00397,ANS-0278,DOC-0015,Chunk_9001,32,Sec. 7.5,"x:355-467,y:423-616",synthetic
CIT-00398,ANS-0279,DOC-0036,Chunk_5216,1,Sec. 6.2,"x:186-457,y:286-574",synthetic
CIT-00399,ANS-0280,DOC-0033,Chunk_7593,11,Sec. 1.7,"x:293-566,y:341-501",synthetic
CIT-00400,ANS-0281,DOC-0030,Chunk_6512,28,Sec. 5.5,"x:283-678,y:115-562",synthetic
CIT-00401,ANS-0282,DOC-0024,Chunk_4479,14,Sec. 4.8,"x:318-405,y:495-690",synthetic
CIT-00402,ANS-0283,DOC-0028,Chunk_9704,2,Sec. 4.5,"x:60-569,y:366-571",synthetic
CIT-00403,ANS-0284,DOC-0002,Chunk_4486,6,Sec. 3.4,"x:140-568,y:444-648",synthetic
CIT-00404,ANS-0285,DOC-0029,Chunk_5436,9,Sec. 7.4,"x:160-597,y:150-634",synthetic
CIT-00405,ANS-0286,DOC-0032,Chunk_4336,23,Sec. 5.5,"x:348-457,y:411-635",synthetic
CIT-00406,ANS-0286,DOC-0022,Chunk_0772,6,Sec. 2.8,"x:327-509,y:274-505",synthetic
CIT-00407,ANS-0287,DOC-0011,Chunk_9872,17,Sec. 2.7,"x:56-564,y:144-510",synthetic
CIT-00408,ANS-0288,DOC-0001,Chunk_7258,42,Sec. 7.6,"x:247-511,y:202-689",synthetic
CIT-00409,ANS-0289,DOC-0027,Chunk_0150,9,Sec. 6.4,"x:265-642,y:108-680",synthetic
CIT-00410,ANS-0289,DOC-0018,Chunk_4199,31,Sec. 1.3,"x:87-590,y:442-620",synthetic
CIT-00411,ANS-0290,DOC-0016,Chunk_9339,1,Sec. 5.6,"x:349-680,y:339-615",synthetic
CIT-00412,ANS-0290,DOC-0030,Chunk_5677,20,Sec. 6.5,"x:204-458,y:121-584",synthetic
CIT-00413,ANS-0291,DOC-0036,Chunk_9001,12,Sec. 7.5,"x:374-681,y:161-627",synthetic
CIT-00414,ANS-0292,DOC-0009,Chunk_5847,1,Sec. 2.2,"x:120-428,y:412-598",synthetic
CIT-00415,ANS-0292,DOC-0008,Chunk_9998,2,Sec. 4.3,"x:314-552,y:402-504",synthetic
CIT-00416,ANS-0293,DOC-0037,Chunk_6813,12,Sec. 3.3,"x:262-689,y:498-594",synthetic
CIT-00417,ANS-0294,DOC-0031,Chunk_9453,1,Sec. 3.6,"x:389-451,y:364-537",synthetic
CIT-00418,ANS-0294,DOC-0020,Chunk_4238,23,Sec. 3.8,"x:265-531,y:294-592",synthetic
CIT-00419,ANS-0295,DOC-0004,Chunk_7846,14,Sec. 4.8,"x:263-489,y:101-664",synthetic
CIT-00420,ANS-0296,DOC-0018,Chunk_2828,8,Sec. 4.7,"x:154-558,y:498-543",synthetic
CIT-00421,ANS-0296,DOC-0008,Chunk_2360,2,Sec. 5.8,"x:381-526,y:121-560",synthetic
CIT-00422,ANS-0297,DOC-0010,Chunk_0023,26,Sec. 3.5,"x:381-563,y:377-507",synthetic
CIT-00423,ANS-0297,DOC-0025,Chunk_8477,34,Sec. 1.2,"x:66-675,y:209-606",synthetic
CIT-00424,ANS-0298,DOC-0015,Chunk_8952,13,Sec. 7.3,"x:119-431,y:248-612",synthetic
CIT-00425,ANS-0299,DOC-0035,Chunk_5270,2,Sec. 2.8,"x:188-629,y:350-686",synthetic
CIT-00426,ANS-0299,DOC-0011,Chunk_7067,18,Sec. 2.1,"x:241-611,y:398-550",synthetic
CIT-00427,ANS-0300,DOC-0019,Chunk_0957,17,Sec. 8.2,"x:160-540,y:375-551",synthetic
CIT-00428,ANS-0300,DOC-0028,Chunk_2358,1,Sec. 5.1,"x:318-600,y:433-554",synthetic
