po_id,po_date,business_unit,spec_id,cpu_tier,ram_gb,storage_gb,dedicated_gpu,qty,historical_unit_price_rp,current_quote_unit_price_rp,vendor,has_benchmark_reference,has_supporting_doc,data_type,historical_total_rp,current_quote_total_rp
PO-02400,2026-05-13,Operations,SPEC-ENTRY,entry,8,256,False,15,5112000.0,5297000.0,Vendor B,False,True,synthetic,76680000.0,79455000.0
PO-02401,2026-05-21,Finance & Risk,SPEC-MID,mid,16,512,False,10,7679000.0,8586000.0,Vendor C,True,True,synthetic,76790000.0,85860000.0
PO-02402,2025-12-27,IT & Digital,SPEC-PREMIUM,premium,16,512,False,25,19456000.0,22276000.0,Vendor D,True,True,synthetic,486400000.0,556900000.0
PO-02403,2026-01-21,Corporate Affairs,SPEC-PREMIUM,premium,16,512,False,15,22735000.0,18877000.0,Vendor E,True,True,synthetic,341025000.0,283155000.0
PO-02404,2025-08-09,Retail Banking,SPEC-PREMIUM,premium,16,512,False,30,19436000.0,21371000.0,Vendor C,True,False,synthetic,583080000.0,641130000.0
PO-02405,2025-08-09,Compliance,SPEC-MID,mid,16,512,False,10,7720000.0,9619000.0,Vendor A,True,True,synthetic,77200000.0,96190000.0
PO-02406,2025-03-17,Operations,SPEC-PREMIUM,premium,16,512,False,10,21098000.0,24525000.0,Vendor C,True,False,synthetic,210980000.0,245250000.0
PO-02407,2025-04-03,Finance & Risk,SPEC-ENTRY,entry,8,256,False,15,5870000.0,5524000.0,Vendor E,True,True,synthetic,88050000.0,82860000.0
PO-02408,2024-12-09,IT & Digital,SPEC-ENTRY,entry,8,256,False,20,5453000.0,5220000.0,Vendor C,False,True,synthetic,109060000.0,104400000.0
PO-02409,2024-12-25,Corporate Affairs,SPEC-MID,mid,16,512,False,10,8618000.0,8470000.0,Vendor B,False,True,synthetic,86180000.0,84700000.0
PO-02410,2025-03-09,Retail Banking,SPEC-PREMIUM,premium,16,512,False,15,20552000.0,18857000.0,Vendor B,True,True,synthetic,308280000.0,282855000.0
PO-02411,2025-04-07,Compliance,SPEC-ENTRY,entry,8,256,False,20,5826000.0,6399000.0,Vendor A,False,False,synthetic,116520000.0,127980000.0
PO-02412,2024-12-16,Operations,SPEC-ENTRY,entry,8,256,False,15,5247000.0,5731000.0,Vendor D,False,True,synthetic,78705000.0,85965000.0
PO-02413,2025-01-09,Finance & Risk,SPEC-PREMIUM,premium,16,512,False,10,19515000.0,19278000.0,Vendor B,True,True,synthetic,195150000.0,192780000.0
PO-02414,2025-01-09,IT & Digital,SPEC-ENTRY,entry,8,256,False,10,5441000.0,5516000.0,Vendor B,True,True,synthetic,54410000.0,55160000.0
PO-02415,2025-01-10,Corporate Affairs,SPEC-ENTRY,entry,8,256,False,40,5781000.0,6485000.0,Vendor A,True,True,synthetic,231240000.0,259400000.0
PO-02416,2025-12-26,Retail Banking,SPEC-HIGH,high,16,512,True,30,21995000.0,23753000.0,Vendor A,False,False,synthetic,659850000.0,712590000.0
PO-02417,2025-12-28,Compliance,SPEC-ENTRY,entry,8,256,False,25,5185000.0,6491000.0,Vendor E,True,True,synthetic,129625000.0,162275000.0
PO-02418,2024-12-02,Operations,SPEC-HIGH,high,16,512,True,30,22113000.0,22283000.0,Vendor A,True,True,synthetic,663390000.0,668490000.0
PO-02419,2024-12-18,Finance & Risk,SPEC-ENTRY,entry,8,256,False,10,5503000.0,5324000.0,Vendor E,False,True,synthetic,55030000.0,53240000.0
PO-02420,2024-10-04,IT & Digital,SPEC-HIGH,high,16,512,True,15,20837000.0,20613000.0,Vendor A,True,True,synthetic,312555000.0,309195000.0
PO-02421,2024-11-03,Corporate Affairs,SPEC-ENTRY,entry,8,256,False,30,5609000.0,5561000.0,Vendor B,True,False,synthetic,168270000.0,166830000.0
PO-02422,2025-09-15,Retail Banking,SPEC-PREMIUM,premium,16,512,False,15,22246000.0,19484000.0,Vendor D,True,False,synthetic,333690000.0,292260000.0
PO-02423,2025-10-08,Compliance,SPEC-ENTRY,entry,8,256,False,15,5937000.0,5084000.0,Vendor B,True,True,synthetic,89055000.0,76260000.0
PO-02424,2025-03-20,Operations,SPEC-HIGH,high,16,512,True,10,19611000.0,21734000.0,Vendor A,True,False,synthetic,196110000.0,217340000.0
PO-02425,2025-03-30,Finance & Risk,SPEC-HIGH,high,16,512,True,20,20486000.0,22193000.0,Vendor A,True,True,synthetic,409720000.0,443860000.0
PO-02426,2025-07-16,IT & Digital,SPEC-PREMIUM,premium,16,512,False,15,20937000.0,23925000.0,Vendor A,False,True,synthetic,314055000.0,358875000.0
PO-02427,2025-07-20,Corporate Affairs,SPEC-PREMIUM,premium,16,512,False,10,22620000.0,20533000.0,Vendor D,True,True,synthetic,226200000.0,205330000.0
PO-02428,2024-12-07,Retail Banking,SPEC-HIGH,high,16,512,True,5,20246000.0,22908000.0,Vendor C,False,True,synthetic,101230000.0,114540000.0
PO-02429,2024-12-24,Compliance,SPEC-MID,mid,16,512,False,30,8932000.0,9146000.0,Vendor A,True,True,synthetic,267960000.0,274380000.0
PO-02430,2025-01-25,Operations,SPEC-MID,mid,16,512,False,10,8051000.0,7496000.0,Vendor B,True,True,synthetic,80510000.0,74960000.0
PO-02431,2025-02-01,Finance & Risk,SPEC-ENTRY,entry,8,256,False,10,5664000.0,5521000.0,Vendor D,False,True,synthetic,56640000.0,55210000.0
PO-02432,2025-07-06,IT & Digital,SPEC-MID,mid,16,512,False,40,8954000.0,8603000.0,Vendor E,True,True,synthetic,358160000.0,344120000.0
PO-02433,2025-07-27,Corporate Affairs,SPEC-MID,mid,16,512,False,15,8269000.0,7573000.0,Vendor E,True,True,synthetic,124035000.0,113595000.0
PO-02434,2025-12-28,Retail Banking,SPEC-HIGH,high,16,512,True,20,22353000.0,22444000.0,Vendor C,False,False,synthetic,447060000.0,448880000.0
PO-02435,2026-01-31,Compliance,SPEC-ENTRY,entry,8,256,False,30,5601000.0,5246000.0,Vendor D,True,True,synthetic,168030000.0,157380000.0
PO-02436,2025-06-18,Operations,SPEC-ENTRY,entry,8,256,False,5,5733000.0,5227000.0,Vendor C,False,True,synthetic,28665000.0,26135000.0
PO-02437,2025-06-25,Finance & Risk,SPEC-ENTRY,entry,8,256,False,10,5737000.0,5877000.0,Vendor E,True,True,synthetic,57370000.0,58770000.0
PO-02438,2025-09-15,IT & Digital,SPEC-ENTRY,entry,8,256,False,40,5104000.0,6067000.0,Vendor D,False,True,synthetic,204160000.0,242680000.0
PO-02439,2025-10-04,Corporate Affairs,SPEC-MID,mid,16,512,False,15,8088000.0,8602000.0,Vendor B,False,False,synthetic,121320000.0,129030000.0
PO-02440,2025-09-01,Retail Banking,SPEC-ENTRY,entry,8,256,False,10,5446000.0,5189000.0,Vendor A,True,True,synthetic,54460000.0,51890000.0
PO-02441,2025-09-25,Compliance,SPEC-MID,mid,16,512,False,10,7694000.0,7511000.0,Vendor E,True,True,synthetic,76940000.0,75110000.0
PO-02442,2025-03-08,Operations,SPEC-ENTRY,entry,8,256,False,15,5278000.0,5818000.0,Vendor E,False,True,synthetic,79170000.0,87270000.0
PO-02443,2025-04-10,Finance & Risk,SPEC-ENTRY,entry,8,256,False,30,5486000.0,6004000.0,Vendor E,False,True,synthetic,164580000.0,180120000.0
PO-02444,2025-03-15,IT & Digital,SPEC-ENTRY,entry,8,256,False,10,5162000.0,6065000.0,Vendor A,True,False,synthetic,51620000.0,60650000.0
PO-02445,2025-03-18,Corporate Affairs,SPEC-HIGH,high,16,512,True,30,19461000.0,18962000.0,Vendor A,True,True,synthetic,583830000.0,568860000.0
PO-02446,2025-06-26,Retail Banking,SPEC-HIGH,high,16,512,True,50,21052000.0,21664000.0,Vendor C,True,False,synthetic,1052600000.0,1083200000.0
PO-02447,2025-06-28,Compliance,SPEC-MID,mid,16,512,False,20,8847000.0,8947000.0,Vendor D,True,True,synthetic,176940000.0,178940000.0
PO-02448,2024-09-23,Operations,SPEC-MID,mid,16,512,False,10,8274000.0,8135000.0,Vendor D,True,True,synthetic,82740000.0,81350000.0
PO-02449,2024-10-01,Finance & Risk,SPEC-HIGH,high,16,512,True,30,19838000.0,22839000.0,Vendor D,True,True,synthetic,595140000.0,685170000.0
PO-02450,2025-12-24,IT & Digital,SPEC-ENTRY,entry,8,256,False,5,5786000.0,6479000.0,Vendor A,False,True,synthetic,28930000.0,32395000.0
PO-02451,2026-01-16,Corporate Affairs,SPEC-HIGH,high,16,512,True,20,20608000.0,18686000.0,Vendor A,True,True,synthetic,412160000.0,373720000.0
PO-02452,2025-11-05,Retail Banking,SPEC-ENTRY,entry,8,256,False,25,5600000.0,5854000.0,Vendor D,False,False,synthetic,140000000.0,146350000.0
PO-02453,2025-11-26,Compliance,SPEC-ENTRY,entry,8,256,False,40,5368000.0,5428000.0,Vendor C,False,False,synthetic,214720000.0,217120000.0
PO-02454,2025-04-03,Operations,SPEC-MID,mid,16,512,False,10,8308000.0,7607000.0,Vendor C,True,True,synthetic,83080000.0,76070000.0
PO-02455,2025-05-10,Finance & Risk,SPEC-ENTRY,entry,8,256,False,5,5278000.0,6125000.0,Vendor A,False,True,synthetic,26390000.0,30625000.0
PO-02456,2025-05-20,IT & Digital,SPEC-MID,mid,16,512,False,30,8503000.0,9168000.0,Vendor E,False,True,synthetic,255090000.0,275040000.0
PO-02457,2025-05-27,Corporate Affairs,SPEC-MID,mid,16,512,False,15,8443000.0,8944000.0,Vendor E,False,False,synthetic,126645000.0,134160000.0
PO-02458,2025-04-19,Retail Banking,SPEC-ENTRY,entry,8,256,False,20,5585000.0,5670000.0,Vendor A,True,True,synthetic,111700000.0,113400000.0
PO-02459,2025-05-12,Compliance,SPEC-MID,mid,16,512,False,20,8537000.0,9079000.0,Vendor B,False,True,synthetic,170740000.0,181580000.0
PO-02460,2026-03-14,Retail Banking,SPEC-MID,mid,16,512,False,30,8019000.0,8616000.0,Vendor A,False,True,synthetic,240570000.0,258480000.0
PO-02461,2025-11-01,IT & Digital,SPEC-ENTRY,entry,8,256,False,20,5761000.0,6224000.0,Vendor E,True,True,synthetic,115220000.0,124480000.0
PO-02462,2024-09-26,Corporate Affairs,SPEC-HIGH,high,16,512,True,5,21158000.0,20859000.0,Vendor D,True,True,synthetic,105790000.0,104295000.0
PO-02463,2025-05-27,Operations,SPEC-PREMIUM,premium,16,512,False,5,21108000.0,20048000.0,Vendor B,False,True,synthetic,105540000.0,100240000.0
PO-02464,2026-04-01,IT & Digital,SPEC-HIGH,high,16,512,True,40,19759000.0,22321000.0,Vendor E,True,True,synthetic,790360000.0,892840000.0
PO-02465,2026-06-27,Compliance,SPEC-HIGH,high,16,512,True,10,21166000.0,21978000.0,Vendor D,True,True,synthetic,211660000.0,219780000.0
PO-02466,2026-03-11,Retail Banking,SPEC-MID,mid,16,512,False,5,8769000.0,8015000.0,Vendor E,False,False,synthetic,43845000.0,40075000.0
PO-02467,2025-09-19,Operations,SPEC-MID,mid,16,512,False,5,8275000.0,8357000.0,Vendor B,True,False,synthetic,41375000.0,41785000.0
PO-02468,2024-09-16,Operations,SPEC-ENTRY,entry,8,256,False,5,5594000.0,5244000.0,Vendor B,False,True,synthetic,27970000.0,26220000.0
PO-02469,2025-11-25,Retail Banking,SPEC-PREMIUM,premium,16,512,False,40,19896000.0,24174000.0,Vendor E,False,True,synthetic,795840000.0,966960000.0
PO-02470,2025-09-06,Retail Banking,SPEC-MID,mid,16,512,False,20,7672000.0,9649000.0,Vendor D,False,True,synthetic,153440000.0,192980000.0
PO-02471,2024-09-09,Finance & Risk,SPEC-MID,mid,16,512,False,10,8335000.0,8399000.0,Vendor E,True,True,synthetic,83350000.0,83990000.0
PO-02472,2025-07-17,Finance & Risk,SPEC-PREMIUM,premium,16,512,False,15,20473000.0,20407000.0,Vendor A,True,True,synthetic,307095000.0,306105000.0
PO-02473,2026-07-17,Retail Banking,SPEC-ENTRY,entry,8,256,False,10,5723000.0,4940000.0,Vendor B,True,True,synthetic,57230000.0,49400000.0
PO-02474,2024-11-23,IT & Digital,SPEC-MID,mid,16,512,False,10,8347000.0,8799000.0,Vendor D,True,True,synthetic,83470000.0,87990000.0
PO-02475,2025-12-16,IT & Digital,SPEC-PREMIUM,premium,16,512,False,25,19434000.0,22010000.0,Vendor C,True,True,synthetic,485850000.0,550250000.0
PO-02476,2026-03-31,Retail Banking,SPEC-MID,mid,16,512,False,5,7815000.0,9573000.0,Vendor E,False,True,synthetic,39075000.0,47865000.0
PO-02477,2025-01-19,Retail Banking,SPEC-ENTRY,entry,8,256,False,5,5501000.0,5435000.0,Vendor B,True,True,synthetic,27505000.0,27175000.0
PO-02478,2026-03-16,IT & Digital,SPEC-HIGH,high,16,512,True,40,19805000.0,20416000.0,Vendor D,True,True,synthetic,792200000.0,816640000.0
PO-02479,2026-07-11,Compliance,SPEC-PREMIUM,premium,16,512,False,15,20786000.0,22678000.0,Vendor D,True,True,synthetic,311790000.0,340170000.0
PO-02480,2026-04-02,Retail Banking,SPEC-MID,mid,16,512,False,30,8549000.0,8193000.0,Vendor B,False,True,synthetic,256470000.0,245790000.0
PO-02481,2026-03-11,Finance & Risk,SPEC-ENTRY,entry,8,256,False,30,5545000.0,5216000.0,Vendor C,False,False,synthetic,166350000.0,156480000.0
PO-02482,2025-05-11,Retail Banking,SPEC-PREMIUM,premium,16,512,False,15,22567000.0,22093000.0,Vendor B,False,True,synthetic,338505000.0,331395000.0
PO-02483,2025-03-27,Operations,SPEC-ENTRY,entry,8,256,False,30,5174000.0,5695000.0,Vendor C,True,True,synthetic,155220000.0,170850000.0
PO-02484,2025-11-17,Corporate Affairs,SPEC-MID,mid,16,512,False,20,8761000.0,7826000.0,Vendor B,False,True,synthetic,175220000.0,156520000.0
PO-02485,2026-05-15,Finance & Risk,SPEC-ENTRY,entry,8,256,False,25,5893000.0,6067000.0,Vendor A,False,False,synthetic,147325000.0,151675000.0
PO-02486,2025-02-16,Corporate Affairs,SPEC-MID,mid,16,512,False,40,8655000.0,8437000.0,Vendor E,True,True,synthetic,346200000.0,337480000.0
PO-02487,2024-11-16,Corporate Affairs,SPEC-ENTRY,entry,8,256,False,10,5857000.0,5534000.0,Vendor C,True,False,synthetic,58570000.0,55340000.0
PO-02488,2025-11-12,Finance & Risk,SPEC-HIGH,high,16,512,True,20,21346000.0,21461000.0,Vendor A,True,True,synthetic,426920000.0,429220000.0
PO-02489,2025-08-06,IT & Digital,SPEC-MID,mid,16,512,False,25,8326000.0,8483000.0,Vendor D,True,False,synthetic,208150000.0,212075000.0
PO-02490,2025-03-16,Retail Banking,SPEC-HIGH,high,16,512,True,25,21373000.0,20355000.0,Vendor A,True,True,synthetic,534325000.0,508875000.0
PO-02491,2025-03-03,Finance & Risk,SPEC-MID,mid,16,512,False,30,8931000.0,8265000.0,Vendor B,False,True,synthetic,267930000.0,247950000.0
PO-02492,2025-09-27,Compliance,SPEC-HIGH,high,16,512,True,20,20725000.0,23914000.0,Vendor A,True,True,synthetic,414500000.0,478280000.0
PO-02493,2026-04-08,Retail Banking,SPEC-HIGH,high,16,512,True,10,20982000.0,24046000.0,Vendor B,False,False,synthetic,209820000.0,240460000.0
PO-02494,2025-04-05,Finance & Risk,SPEC-ENTRY,entry,8,256,False,10,5226000.0,6277000.0,Vendor B,True,False,synthetic,52260000.0,62770000.0
PO-02495,2024-09-09,IT & Digital,SPEC-MID,mid,16,512,False,10,8342000.0,9288000.0,Vendor D,True,True,synthetic,83420000.0,92880000.0
PO-02496,2025-04-10,IT & Digital,SPEC-HIGH,high,16,512,True,5,20726000.0,24049000.0,Vendor A,True,True,synthetic,103630000.0,120245000.0
PO-02497,2025-04-29,Operations,SPEC-ENTRY,entry,8,256,False,15,5514000.0,5190000.0,Vendor B,False,True,synthetic,82710000.0,77850000.0
PO-02498,2025-09-20,Retail Banking,SPEC-HIGH,high,16,512,True,25,21996000.0,20812000.0,Vendor A,True,True,synthetic,549900000.0,520300000.0
PO-02499,2025-08-24,Retail Banking,SPEC-ENTRY,entry,8,256,False,30,5303000.0,6058000.0,Vendor A,False,True,synthetic,159090000.0,181740000.0
PO-02500,2025-09-02,Operations,SPEC-HIGH,high,16,512,True,20,21686000.0,21813000.0,Vendor D,False,True,synthetic,433720000.0,436260000.0
PO-02501,2025-04-16,Corporate Affairs,SPEC-ENTRY,entry,8,256,False,20,5950000.0,5612000.0,Vendor A,False,True,synthetic,119000000.0,112240000.0
PO-02502,2025-02-05,Compliance,SPEC-HIGH,high,16,512,True,10,19547000.0,23205000.0,Vendor E,False,True,synthetic,195470000.0,232050000.0
PO-02503,2025-03-07,Operations,SPEC-ENTRY,entry,8,256,False,20,5205000.0,5065000.0,Vendor B,True,True,synthetic,104100000.0,101300000.0
PO-02504,2026-01-27,IT & Digital,SPEC-MID,mid,16,512,False,30,8912000.0,8275000.0,Vendor C,True,True,synthetic,267360000.0,248250000.0
PO-02505,2026-08-13,Finance & Risk,SPEC-HIGH,high,16,512,True,10,21362000.0,22431000.0,Vendor C,False,False,synthetic,213620000.0,224310000.0
PO-02506,2025-11-13,Retail Banking,SPEC-MID,mid,16,512,False,10,8454000.0,7636000.0,Vendor A,True,True,synthetic,84540000.0,76360000.0
PO-02507,2025-01-11,Retail Banking,SPEC-ENTRY,entry,8,256,False,20,5140000.0,6297000.0,Vendor C,True,True,synthetic,102800000.0,125940000.0
PO-02508,2026-03-06,Operations,SPEC-ENTRY,entry,8,256,False,10,5491000.0,6377000.0,Vendor C,False,True,synthetic,54910000.0,63770000.0
PO-02509,2026-07-21,Compliance,SPEC-PREMIUM,premium,16,512,False,10,21908000.0,21448000.0,Vendor E,False,True,synthetic,219080000.0,214480000.0
PO-02510,2025-09-29,Retail Banking,SPEC-MID,mid,16,512,False,20,8766000.0,8991000.0,Vendor C,False,True,synthetic,175320000.0,179820000.0
PO-02511,2025-05-26,Corporate Affairs,SPEC-ENTRY,entry,8,256,False,15,5808000.0,5593000.0,Vendor D,True,True,synthetic,87120000.0,83895000.0
PO-02512,2025-10-28,Finance & Risk,SPEC-ENTRY,entry,8,256,False,10,5791000.0,5502000.0,Vendor A,True,False,synthetic,57910000.0,55020000.0
PO-02513,2025-04-20,IT & Digital,SPEC-HIGH,high,16,512,True,15,22593000.0,22638000.0,Vendor A,True,True,synthetic,338895000.0,339570000.0
PO-02514,2025-02-02,Retail Banking,SPEC-MID,mid,16,512,False,5,7791000.0,8346000.0,Vendor B,True,True,synthetic,38955000.0,41730000.0
PO-02515,2026-07-03,Finance & Risk,SPEC-ENTRY,entry,8,256,False,5,5659000.0,5632000.0,Vendor C,True,True,synthetic,28295000.0,28160000.0
PO-02516,2024-12-13,Finance & Risk,SPEC-ENTRY,entry,8,256,False,5,5576000.0,4902000.0,Vendor C,True,True,synthetic,27880000.0,24510000.0
PO-02517,2025-04-25,Finance & Risk,SPEC-MID,mid,16,512,False,40,7949000.0,7408000.0,Vendor B,True,True,synthetic,317960000.0,296320000.0
PO-02518,2025-10-16,Operations,SPEC-PREMIUM,premium,16,512,False,5,21467000.0,24619000.0,Vendor D,False,True,synthetic,107335000.0,123095000.0
PO-02519,2025-11-23,Compliance,SPEC-MID,mid,16,512,False,5,8168000.0,9585000.0,Vendor C,True,True,synthetic,40840000.0,47925000.0
PO-02520,2025-11-01,Compliance,SPEC-PREMIUM,premium,16,512,False,20,22536000.0,22072000.0,Vendor A,True,True,synthetic,450720000.0,441440000.0
PO-02521,2025-12-29,Operations,SPEC-MID,mid,16,512,False,30,7859000.0,7936000.0,Vendor E,False,False,synthetic,235770000.0,238080000.0
PO-02522,2026-05-23,Operations,SPEC-ENTRY,entry,8,256,False,20,5707000.0,4996000.0,Vendor A,False,True,synthetic,114140000.0,99920000.0
PO-02523,2025-05-21,IT & Digital,SPEC-MID,mid,16,512,False,15,8452000.0,7848000.0,Vendor D,False,True,synthetic,126780000.0,117720000.0
PO-02524,2026-01-26,Compliance,SPEC-ENTRY,entry,8,256,False,50,5320000.0,4918000.0,Vendor A,True,False,synthetic,266000000.0,245900000.0
PO-02525,2024-12-31,Compliance,SPEC-ENTRY,entry,8,256,False,25,5476000.0,5419000.0,Vendor A,False,True,synthetic,136900000.0,135475000.0
PO-02526,2025-01-14,Compliance,SPEC-HIGH,high,16,512,True,10,22504000.0,21769000.0,Vendor A,True,True,synthetic,225040000.0,217690000.0
PO-02527,2025-02-26,Finance & Risk,SPEC-PREMIUM,premium,16,512,False,5,22107000.0,24516000.0,Vendor D,True,True,synthetic,110535000.0,122580000.0
PO-02528,2026-04-27,Corporate Affairs,SPEC-ENTRY,entry,8,256,False,15,5616000.0,5193000.0,Vendor B,False,True,synthetic,84240000.0,77895000.0
PO-02529,2026-07-03,Finance & Risk,SPEC-MID,mid,16,512,False,20,8756000.0,8919000.0,Vendor B,False,True,synthetic,175120000.0,178380000.0
PO-02530,2026-02-18,Retail Banking,SPEC-ENTRY,entry,8,256,False,10,5646000.0,5006000.0,Vendor A,True,True,synthetic,56460000.0,50060000.0
PO-02531,2024-12-25,Compliance,SPEC-MID,mid,16,512,False,10,8718000.0,9323000.0,Vendor E,False,True,synthetic,87180000.0,93230000.0
PO-02532,2024-12-05,Corporate Affairs,SPEC-MID,mid,16,512,False,30,8972000.0,7585000.0,Vendor B,False,True,synthetic,269160000.0,227550000.0
PO-02533,2026-02-19,Finance & Risk,SPEC-ENTRY,entry,8,256,False,5,5797000.0,5844000.0,Vendor B,False,True,synthetic,28985000.0,29220000.0
PO-02534,2025-08-18,Operations,SPEC-HIGH,high,16,512,True,20,21768000.0,20314000.0,Vendor D,False,True,synthetic,435360000.0,406280000.0
PO-02535,2025-04-23,Corporate Affairs,SPEC-ENTRY,entry,8,256,False,15,5454000.0,6088000.0,Vendor A,True,True,synthetic,81810000.0,91320000.0
PO-02536,2026-05-05,Corporate Affairs,SPEC-ENTRY,entry,8,256,False,25,5642000.0,5505000.0,Vendor E,True,True,synthetic,141050000.0,137625000.0
PO-02537,2025-02-13,IT & Digital,SPEC-PREMIUM,premium,16,512,False,5,21795000.0,22376000.0,Vendor B,False,True,synthetic,108975000.0,111880000.0
PO-02538,2025-12-29,Finance & Risk,SPEC-PREMIUM,premium,16,512,False,50,20910000.0,23177000.0,Vendor D,True,True,synthetic,1045500000.0,1158850000.0
PO-02539,2026-06-24,Retail Banking,SPEC-ENTRY,entry,8,256,False,20,5898000.0,5056000.0,Vendor A,False,True,synthetic,117960000.0,101120000.0
PO-02540,2025-01-21,Retail Banking,SPEC-MID,mid,16,512,False,20,7941000.0,7998000.0,Vendor A,True,True,synthetic,158820000.0,159960000.0
PO-02541,2026-05-29,Operations,SPEC-MID,mid,16,512,False,5,8252000.0,8333000.0,Vendor A,True,True,synthetic,41260000.0,41665000.0
PO-02542,2024-10-20,Retail Banking,SPEC-PREMIUM,premium,16,512,False,40,21855000.0,23904000.0,Vendor E,True,True,synthetic,874200000.0,956160000.0
PO-02543,2025-11-13,Operations,SPEC-ENTRY,entry,8,256,False,20,5300000.0,5082000.0,Vendor B,False,True,synthetic,106000000.0,101640000.0
PO-02544,2025-08-01,Retail Banking,SPEC-ENTRY,entry,8,256,False,30,5592000.0,6371000.0,Vendor C,False,False,synthetic,167760000.0,191130000.0
PO-02545,2026-07-27,IT & Digital,SPEC-MID,mid,16,512,False,10,7714000.0,7551000.0,Vendor D,True,False,synthetic,77140000.0,75510000.0
PO-02546,2024-10-10,Finance & Risk,SPEC-ENTRY,entry,8,256,False,20,5785000.0,5926000.0,Vendor E,True,True,synthetic,115700000.0,118520000.0
PO-02547,2025-01-13,IT & Digital,SPEC-PREMIUM,premium,16,512,False,20,20412000.0,20172000.0,Vendor C,True,True,synthetic,408240000.0,403440000.0
PO-02548,2026-03-03,Corporate Affairs,SPEC-ENTRY,entry,8,256,False,5,5344000.0,5337000.0,Vendor D,True,True,synthetic,26720000.0,26685000.0
PO-02549,2025-07-25,Retail Banking,SPEC-ENTRY,entry,8,256,False,5,5274000.0,5767000.0,Vendor D,False,True,synthetic,26370000.0,28835000.0
PO-02550,2025-09-24,Retail Banking,SPEC-PREMIUM,premium,16,512,False,25,19527000.0,23006000.0,Vendor A,False,True,synthetic,488175000.0,575150000.0
PO-02551,2026-03-14,Operations,SPEC-MID,mid,16,512,False,50,8060000.0,7765000.0,Vendor A,False,True,synthetic,403000000.0,388250000.0
PO-02552,2024-10-19,Operations,SPEC-HIGH,high,16,512,True,5,22316000.0,19737000.0,Vendor D,False,True,synthetic,111580000.0,98685000.0
PO-02553,2024-11-29,Retail Banking,SPEC-ENTRY,entry,8,256,False,5,5399000.0,5012000.0,Vendor D,True,False,synthetic,26995000.0,25060000.0
PO-02554,2026-07-12,Compliance,SPEC-PREMIUM,premium,16,512,False,20,21825000.0,22273000.0,Vendor A,True,True,synthetic,436500000.0,445460000.0
PO-02555,2024-10-26,Corporate Affairs,SPEC-MID,mid,16,512,False,20,8982000.0,8963000.0,Vendor C,False,True,synthetic,179640000.0,179260000.0
PO-02556,2026-02-14,Compliance,SPEC-HIGH,high,16,512,True,40,19395000.0,21704000.0,Vendor B,True,True,synthetic,775800000.0,868160000.0
PO-02557,2025-01-04,Retail Banking,SPEC-ENTRY,entry,8,256,False,30,5172000.0,6063000.0,Vendor A,True,True,synthetic,155160000.0,181890000.0
PO-02558,2025-02-24,Operations,SPEC-ENTRY,entry,8,256,False,10,5730000.0,5937000.0,Vendor C,False,True,synthetic,57300000.0,59370000.0
PO-02559,2024-12-21,Corporate Affairs,SPEC-PREMIUM,premium,16,512,False,40,21984000.0,24230000.0,Vendor D,False,True,synthetic,879360000.0,969200000.0
PO-02560,2025-02-16,Corporate Affairs,SPEC-ENTRY,entry,8,256,False,10,5199000.0,5053000.0,Vendor A,False,True,synthetic,51990000.0,50530000.0
PO-02561,2025-10-30,Compliance,SPEC-ENTRY,entry,8,256,False,5,5773000.0,5468000.0,Vendor E,True,True,synthetic,28865000.0,27340000.0
PO-02562,2024-09-25,Finance & Risk,SPEC-HIGH,high,16,512,True,25,21759000.0,19465000.0,Vendor D,False,True,synthetic,543975000.0,486625000.0
PO-02563,2025-12-11,Finance & Risk,SPEC-MID,mid,16,512,False,15,8243000.0,7619000.0,Vendor B,True,True,synthetic,123645000.0,114285000.0
PO-02564,2025-02-22,Operations,SPEC-PREMIUM,premium,16,512,False,30,20595000.0,20578000.0,Vendor B,False,False,synthetic,617850000.0,617340000.0
PO-02565,2025-04-04,Retail Banking,SPEC-ENTRY,entry,8,256,False,25,5601000.0,5453000.0,Vendor D,True,False,synthetic,140025000.0,136325000.0
PO-02566,2025-06-25,Compliance,SPEC-MID,mid,16,512,False,25,8310000.0,7440000.0,Vendor B,True,True,synthetic,207750000.0,186000000.0
PO-02567,2025-10-13,Finance & Risk,SPEC-ENTRY,entry,8,256,False,5,5171000.0,6014000.0,Vendor A,True,True,synthetic,25855000.0,30070000.0
PO-02568,2026-08-06,IT & Digital,SPEC-ENTRY,entry,8,256,False,40,5956000.0,5124000.0,Vendor D,False,True,synthetic,238240000.0,204960000.0
PO-02569,2026-01-25,Retail Banking,SPEC-HIGH,high,16,512,True,15,22184000.0,21559000.0,Vendor A,True,True,synthetic,332760000.0,323385000.0
PO-02570,2024-09-25,Finance & Risk,SPEC-ENTRY,entry,8,256,False,20,5185000.0,5205000.0,Vendor B,False,True,synthetic,103700000.0,104100000.0
PO-02571,2024-11-04,Operations,SPEC-MID,mid,16,512,False,20,8126000.0,9079000.0,Vendor C,True,False,synthetic,162520000.0,181580000.0
PO-02572,2026-07-21,IT & Digital,SPEC-HIGH,high,16,512,True,40,21019000.0,18781000.0,Vendor C,True,True,synthetic,840760000.0,751240000.0
PO-02573,2026-08-21,Compliance,SPEC-HIGH,high,16,512,True,5,19542000.0,18996000.0,Vendor C,True,False,synthetic,97710000.0,94980000.0
PO-02574,2025-09-18,Corporate Affairs,SPEC-PREMIUM,premium,16,512,False,5,21489000.0,20395000.0,Vendor C,False,True,synthetic,107445000.0,101975000.0
PO-02575,2024-11-01,Operations,SPEC-ENTRY,entry,8,256,False,20,5111000.0,5594000.0,Vendor A,False,False,synthetic,102220000.0,111880000.0
PO-02576,2024-11-06,Retail Banking,SPEC-MID,mid,16,512,False,40,8334000.0,7885000.0,Vendor E,True,True,synthetic,333360000.0,315400000.0
PO-02577,2025-02-22,Operations,SPEC-MID,mid,16,512,False,30,8124000.0,8609000.0,Vendor E,True,True,synthetic,243720000.0,258270000.0
PO-02578,2025-05-28,Finance & Risk,SPEC-HIGH,high,16,512,True,20,19734000.0,21678000.0,Vendor A,False,True,synthetic,394680000.0,433560000.0
PO-02579,2026-03-12,Compliance,SPEC-MID,mid,16,512,False,5,7694000.0,7629000.0,Vendor A,True,True,synthetic,38470000.0,38145000.0
PO-02580,2026-07-06,Finance & Risk,SPEC-MID,mid,16,512,False,10,8565000.0,8951000.0,Vendor C,True,True,synthetic,85650000.0,89510000.0
PO-02581,2025-11-04,Compliance,SPEC-ENTRY,entry,8,256,False,20,5397000.0,6010000.0,Vendor B,True,False,synthetic,107940000.0,120200000.0
PO-02582,2026-05-18,Operations,SPEC-ENTRY,entry,8,256,False,15,5247000.0,5712000.0,Vendor E,True,False,synthetic,78705000.0,85680000.0
PO-02583,2025-07-25,Corporate Affairs,SPEC-PREMIUM,premium,16,512,False,40,20361000.0,23887000.0,Vendor D,True,True,synthetic,814440000.0,955480000.0
PO-02584,2026-07-08,Corporate Affairs,SPEC-MID,mid,16,512,False,5,8243000.0,7994000.0,Vendor E,False,False,synthetic,41215000.0,39970000.0
PO-02585,2024-09-21,Corporate Affairs,SPEC-HIGH,high,16,512,True,5,22550000.0,19075000.0,Vendor A,False,True,synthetic,112750000.0,95375000.0
PO-02586,2025-07-15,Retail Banking,SPEC-HIGH,high,16,512,True,25,22483000.0,23958000.0,Vendor C,True,True,synthetic,562075000.0,598950000.0
PO-02587,2025-08-31,Compliance,SPEC-ENTRY,entry,8,256,False,15,5693000.0,5114000.0,Vendor C,True,True,synthetic,85395000.0,76710000.0
PO-02588,2024-10-17,Operations,SPEC-MID,mid,16,512,False,30,7727000.0,9391000.0,Vendor D,True,True,synthetic,231810000.0,281730000.0
PO-02589,2025-06-17,Operations,SPEC-ENTRY,entry,8,256,False,30,5576000.0,5038000.0,Vendor D,False,True,synthetic,167280000.0,151140000.0
PO-02590,2026-06-11,Compliance,SPEC-MID,mid,16,512,False,15,7985000.0,7532000.0,Vendor E,True,True,synthetic,119775000.0,112980000.0
PO-02591,2024-09-06,IT & Digital,SPEC-MID,mid,16,512,False,5,8006000.0,7801000.0,Vendor E,False,True,synthetic,40030000.0,39005000.0
PO-02592,2026-01-17,IT & Digital,SPEC-MID,mid,16,512,False,20,8093000.0,9322000.0,Vendor D,False,True,synthetic,161860000.0,186440000.0
PO-02593,2024-09-26,Operations,SPEC-PREMIUM,premium,16,512,False,40,22055000.0,24320000.0,Vendor A,False,True,synthetic,882200000.0,972800000.0
PO-02594,2025-05-10,Operations,SPEC-HIGH,high,16,512,True,25,20366000.0,23188000.0,Vendor A,False,True,synthetic,509150000.0,579700000.0
PO-02595,2025-04-12,IT & Digital,SPEC-PREMIUM,premium,16,512,False,15,20882000.0,21339000.0,Vendor C,False,True,synthetic,313230000.0,320085000.0
PO-02596,2025-07-06,IT & Digital,SPEC-HIGH,high,16,512,True,15,22568000.0,22051000.0,Vendor E,False,False,synthetic,338520000.0,330765000.0
PO-02597,2025-10-11,Compliance,SPEC-MID,mid,16,512,False,25,8662000.0,8973000.0,Vendor D,True,True,synthetic,216550000.0,224325000.0
PO-02598,2026-07-21,Finance & Risk,SPEC-ENTRY,entry,8,256,False,25,5649000.0,5107000.0,Vendor E,False,True,synthetic,141225000.0,127675000.0
PO-02599,2025-06-10,IT & Digital,SPEC-HIGH,high,16,512,True,5,20796000.0,22089000.0,Vendor D,False,True,synthetic,103980000.0,110445000.0
PO-02600,2025-07-07,Corporate Affairs,SPEC-MID,mid,16,512,False,40,8570000.0,8017000.0,Vendor E,False,False,synthetic,342800000.0,320680000.0
PO-02601,2026-08-01,Finance & Risk,SPEC-PREMIUM,premium,16,512,False,5,21963000.0,22325000.0,Vendor A,False,True,synthetic,109815000.0,111625000.0
PO-02602,2026-04-30,Corporate Affairs,SPEC-HIGH,high,16,512,True,15,20683000.0,21696000.0,Vendor A,True,True,synthetic,310245000.0,325440000.0
PO-02603,2026-04-27,IT & Digital,SPEC-MID,mid,16,512,False,15,7716000.0,7390000.0,Vendor A,False,True,synthetic,115740000.0,110850000.0
PO-02604,2026-01-26,Operations,SPEC-ENTRY,entry,8,256,False,30,5239000.0,5386000.0,Vendor C,True,False,synthetic,157170000.0,161580000.0
PO-02605,2025-02-10,IT & Digital,SPEC-ENTRY,entry,8,256,False,50,5524000.0,5668000.0,Vendor A,False,False,synthetic,276200000.0,283400000.0
PO-02606,2025-03-22,Operations,SPEC-MID,mid,16,512,False,25,8351000.0,8052000.0,Vendor B,True,False,synthetic,208775000.0,201300000.0
PO-02607,2025-11-23,Corporate Affairs,SPEC-MID,mid,16,512,False,40,8610000.0,8559000.0,Vendor E,False,False,synthetic,344400000.0,342360000.0
PO-02608,2024-09-12,Finance & Risk,SPEC-HIGH,high,16,512,True,25,22243000.0,20485000.0,Vendor C,True,True,synthetic,556075000.0,512125000.0
PO-02609,2025-07-18,Compliance,SPEC-ENTRY,entry,8,256,False,10,5448000.0,6212000.0,Vendor D,True,True,synthetic,54480000.0,62120000.0
PO-02610,2025-11-26,Retail Banking,SPEC-HIGH,high,16,512,True,25,21851000.0,24184000.0,Vendor C,True,True,synthetic,546275000.0,604600000.0
PO-02611,2026-03-16,Retail Banking,SPEC-ENTRY,entry,8,256,False,25,5823000.0,5425000.0,Vendor C,True,False,synthetic,145575000.0,135625000.0
PO-02612,2026-02-17,Operations,SPEC-HIGH,high,16,512,True,10,22633000.0,21285000.0,Vendor E,True,True,synthetic,226330000.0,212850000.0
PO-02613,2025-02-06,Compliance,SPEC-PREMIUM,premium,16,512,False,10,19394000.0,19491000.0,Vendor D,True,True,synthetic,193940000.0,194910000.0
PO-02614,2025-09-08,Finance & Risk,SPEC-ENTRY,entry,8,256,False,20,5901000.0,5864000.0,Vendor D,True,True,synthetic,118020000.0,117280000.0
PO-02615,2025-04-19,Compliance,SPEC-PREMIUM,premium,16,512,False,15,21507000.0,20307000.0,Vendor A,False,True,synthetic,322605000.0,304605000.0
PO-02616,2025-01-28,Compliance,SPEC-HIGH,high,16,512,True,5,21578000.0,19774000.0,Vendor D,False,True,synthetic,107890000.0,98870000.0
PO-02617,2025-06-27,Retail Banking,SPEC-MID,mid,16,512,False,10,7733000.0,9323000.0,Vendor B,True,True,synthetic,77330000.0,93230000.0
PO-02618,2024-11-21,Retail Banking,SPEC-ENTRY,entry,8,256,False,25,5259000.0,4983000.0,Vendor E,True,True,synthetic,131475000.0,124575000.0
PO-02619,2025-02-25,Finance & Risk,SPEC-HIGH,high,16,512,True,10,20397000.0,19898000.0,Vendor C,True,True,synthetic,203970000.0,198980000.0
PO-02620,2026-06-03,Finance & Risk,SPEC-ENTRY,entry,8,256,False,10,5892000.0,4992000.0,Vendor C,False,False,synthetic,58920000.0,49920000.0
PO-02621,2026-01-03,Finance & Risk,SPEC-ENTRY,entry,8,256,False,5,5478000.0,5238000.0,Vendor E,False,True,synthetic,27390000.0,26190000.0
PO-02622,2026-02-15,IT & Digital,SPEC-MID,mid,16,512,False,30,8117000.0,9248000.0,Vendor B,True,True,synthetic,243510000.0,277440000.0
PO-02623,2025-03-20,Finance & Risk,SPEC-ENTRY,entry,8,256,False,15,5764000.0,5174000.0,Vendor D,True,True,synthetic,86460000.0,77610000.0
PO-02624,2025-05-25,IT & Digital,SPEC-ENTRY,entry,8,256,False,5,5654000.0,5510000.0,Vendor E,False,True,synthetic,28270000.0,27550000.0
PO-02625,2025-09-26,Retail Banking,SPEC-HIGH,high,16,512,True,5,20829000.0,20440000.0,Vendor C,True,False,synthetic,104145000.0,102200000.0
PO-02626,2025-07-01,Operations,SPEC-ENTRY,entry,8,256,False,5,5716000.0,4997000.0,Vendor C,True,True,synthetic,28580000.0,24985000.0
PO-02627,2025-07-14,Retail Banking,SPEC-HIGH,high,16,512,True,50,22347000.0,23231000.0,Vendor C,False,False,synthetic,1117350000.0,1161550000.0
PO-02628,2025-06-23,Retail Banking,SPEC-HIGH,high,16,512,True,20,22577000.0,21509000.0,Vendor E,True,False,synthetic,451540000.0,430180000.0
PO-02629,2025-07-08,Operations,SPEC-HIGH,high,16,512,True,10,22114000.0,24468000.0,Vendor C,False,False,synthetic,221140000.0,244680000.0
PO-02630,2025-07-20,Retail Banking,SPEC-PREMIUM,premium,16,512,False,50,21361000.0,19637000.0,Vendor C,True,True,synthetic,1068050000.0,981850000.0
PO-02631,2026-03-27,Compliance,SPEC-MID,mid,16,512,False,30,7935000.0,7804000.0,Vendor E,True,True,synthetic,238050000.0,234120000.0
PO-02632,2026-05-13,Corporate Affairs,SPEC-ENTRY,entry,8,256,False,5,5379000.0,5220000.0,Vendor E,True,True,synthetic,26895000.0,26100000.0
PO-02633,2026-02-23,Operations,SPEC-MID,mid,16,512,False,10,8114000.0,7978000.0,Vendor A,True,False,synthetic,81140000.0,79780000.0
PO-02634,2025-06-18,Compliance,SPEC-ENTRY,entry,8,256,False,25,5324000.0,4993000.0,Vendor A,True,True,synthetic,133100000.0,124825000.0
PO-02635,2025-12-21,Finance & Risk,SPEC-MID,mid,16,512,False,20,8919000.0,9657000.0,Vendor D,False,True,synthetic,178380000.0,193140000.0
PO-02636,2025-11-20,Retail Banking,SPEC-HIGH,high,16,512,True,5,21972000.0,24468000.0,Vendor A,False,False,synthetic,109860000.0,122340000.0
PO-02637,2025-02-10,IT & Digital,SPEC-MID,mid,16,512,False,5,8903000.0,9655000.0,Vendor E,False,True,synthetic,44515000.0,48275000.0
PO-02638,2024-09-07,IT & Digital,SPEC-ENTRY,entry,8,256,False,20,5238000.0,5800000.0,Vendor A,False,True,synthetic,104760000.0,116000000.0
PO-02639,2025-06-27,Corporate Affairs,SPEC-ENTRY,entry,8,256,False,10,5114000.0,5231000.0,Vendor C,True,True,synthetic,51140000.0,52310000.0
PO-02640,2026-03-22,Finance & Risk,SPEC-MID,mid,16,512,False,15,8913000.0,9266000.0,Vendor D,True,True,synthetic,133695000.0,138990000.0
PO-02641,2024-10-15,Finance & Risk,SPEC-MID,mid,16,512,False,10,8177000.0,8377000.0,Vendor A,False,True,synthetic,81770000.0,83770000.0
PO-02642,2024-11-17,Retail Banking,SPEC-MID,mid,16,512,False,15,7692000.0,9085000.0,Vendor C,True,True,synthetic,115380000.0,136275000.0
PO-02643,2026-07-06,Retail Banking,SPEC-MID,mid,16,512,False,10,8292000.0,8840000.0,Vendor C,True,True,synthetic,82920000.0,88400000.0
PO-02644,2026-08-11,IT & Digital,SPEC-MID,mid,16,512,False,20,8723000.0,8029000.0,Vendor A,False,True,synthetic,174460000.0,160580000.0
PO-02645,2025-11-12,Operations,SPEC-PREMIUM,premium,16,512,False,20,21119000.0,23073000.0,Vendor C,True,True,synthetic,422380000.0,461460000.0
PO-02646,2026-07-08,Finance & Risk,SPEC-ENTRY,entry,8,256,False,10,5452000.0,5866000.0,Vendor B,False,True,synthetic,54520000.0,58660000.0
PO-02647,2026-01-22,Retail Banking,SPEC-ENTRY,entry,8,256,False,20,5523000.0,4945000.0,Vendor A,False,True,synthetic,110460000.0,98900000.0
PO-02648,2024-09-04,IT & Digital,SPEC-MID,mid,16,512,False,10,8487000.0,8471000.0,Vendor B,True,True,synthetic,84870000.0,84710000.0
PO-02649,2024-11-26,Retail Banking,SPEC-PREMIUM,premium,16,512,False,40,20790000.0,18632000.0,Vendor A,True,True,synthetic,831600000.0,745280000.0
PO-02650,2025-08-03,Operations,SPEC-PREMIUM,premium,16,512,False,5,20966000.0,24545000.0,Vendor D,False,False,synthetic,104830000.0,122725000.0
PO-02651,2026-07-01,Retail Banking,SPEC-ENTRY,entry,8,256,False,15,5228000.0,5961000.0,Vendor D,False,True,synthetic,78420000.0,89415000.0
PO-02652,2024-09-28,Corporate Affairs,SPEC-ENTRY,entry,8,256,False,5,5220000.0,5208000.0,Vendor C,False,True,synthetic,26100000.0,26040000.0
PO-02653,2025-09-17,Finance & Risk,SPEC-MID,mid,16,512,False,30,8552000.0,9301000.0,Vendor C,False,True,synthetic,256560000.0,279030000.0
PO-02654,2026-04-09,Corporate Affairs,SPEC-MID,mid,16,512,False,10,8172000.0,8300000.0,Vendor E,True,True,synthetic,81720000.0,83000000.0
PO-02655,2025-12-20,IT & Digital,SPEC-MID,mid,16,512,False,10,7944000.0,9430000.0,Vendor B,True,True,synthetic,79440000.0,94300000.0
PO-02656,2026-02-21,Compliance,SPEC-MID,mid,16,512,False,15,7837000.0,9534000.0,Vendor E,False,True,synthetic,117555000.0,143010000.0
PO-02657,2024-09-26,Retail Banking,SPEC-MID,mid,16,512,False,20,8006000.0,8172000.0,Vendor C,True,True,synthetic,160120000.0,163440000.0
PO-02658,2026-04-14,IT & Digital,SPEC-ENTRY,entry,8,256,False,30,5647000.0,5185000.0,Vendor A,True,True,synthetic,169410000.0,155550000.0
PO-02659,2026-05-24,Compliance,SPEC-ENTRY,entry,8,256,False,40,5483000.0,6434000.0,Vendor D,True,True,synthetic,219320000.0,257360000.0
PO-02660,2024-12-05,Retail Banking,SPEC-PREMIUM,premium,16,512,False,10,19743000.0,21027000.0,Vendor E,True,True,synthetic,197430000.0,210270000.0
PO-02661,2025-03-17,Compliance,SPEC-ENTRY,entry,8,256,False,5,5181000.0,5697000.0,Vendor A,True,False,synthetic,25905000.0,28485000.0
PO-02662,2026-08-15,IT & Digital,SPEC-ENTRY,entry,8,256,False,10,5277000.0,5022000.0,Vendor C,True,True,synthetic,52770000.0,50220000.0
PO-02663,2025-08-22,Retail Banking,SPEC-MID,mid,16,512,False,20,7768000.0,8408000.0,Vendor B,True,True,synthetic,155360000.0,168160000.0
PO-02664,2024-12-06,Finance & Risk,SPEC-ENTRY,entry,8,256,False,50,5991000.0,6494000.0,Vendor C,True,True,synthetic,299550000.0,324700000.0
PO-02665,2025-04-21,Compliance,SPEC-ENTRY,entry,8,256,False,15,5113000.0,5052000.0,Vendor D,True,True,synthetic,76695000.0,75780000.0
PO-02666,2026-07-13,IT & Digital,SPEC-MID,mid,16,512,False,5,7975000.0,8642000.0,Vendor E,True,True,synthetic,39875000.0,43210000.0
PO-02667,2024-12-26,IT & Digital,SPEC-MID,mid,16,512,False,40,8006000.0,7764000.0,Vendor C,False,True,synthetic,320240000.0,310560000.0
PO-02668,2026-04-08,Operations,SPEC-ENTRY,entry,8,256,False,10,5179000.0,6054000.0,Vendor C,True,True,synthetic,51790000.0,60540000.0
PO-02669,2026-06-12,IT & Digital,SPEC-HIGH,high,16,512,True,20,22618000.0,22584000.0,Vendor D,False,True,synthetic,452360000.0,451680000.0
PO-02670,2026-03-10,IT & Digital,SPEC-MID,mid,16,512,False,10,8387000.0,7648000.0,Vendor D,True,False,synthetic,83870000.0,76480000.0
PO-02671,2025-05-31,Corporate Affairs,SPEC-HIGH,high,16,512,True,5,20893000.0,23201000.0,Vendor D,True,True,synthetic,104465000.0,116005000.0
PO-02672,2025-05-05,Compliance,SPEC-ENTRY,entry,8,256,False,40,5430000.0,6048000.0,Vendor B,False,True,synthetic,217200000.0,241920000.0
PO-02673,2025-07-20,IT & Digital,SPEC-HIGH,high,16,512,True,40,22286000.0,20402000.0,Vendor A,False,False,synthetic,891440000.0,816080000.0
PO-02674,2026-02-25,IT & Digital,SPEC-HIGH,high,16,512,True,25,21385000.0,19342000.0,Vendor A,True,True,synthetic,534625000.0,483550000.0
PO-02675,2026-06-18,Retail Banking,SPEC-ENTRY,entry,8,256,False,10,5454000.0,5935000.0,Vendor E,True,True,synthetic,54540000.0,59350000.0
PO-02676,2025-07-11,Finance & Risk,SPEC-MID,mid,16,512,False,10,7861000.0,8432000.0,Vendor C,True,True,synthetic,78610000.0,84320000.0
PO-02677,2025-04-11,Operations,SPEC-MID,mid,16,512,False,20,8896000.0,8644000.0,Vendor A,True,True,synthetic,177920000.0,172880000.0
PO-02678,2025-10-19,Operations,SPEC-HIGH,high,16,512,True,10,20018000.0,19953000.0,Vendor E,False,True,synthetic,200180000.0,199530000.0
PO-02679,2026-01-08,IT & Digital,SPEC-PREMIUM,premium,16,512,False,15,20389000.0,22625000.0,Vendor C,False,True,synthetic,305835000.0,339375000.0
PO-02680,2024-10-07,Finance & Risk,SPEC-HIGH,high,16,512,True,10,22510000.0,21773000.0,Vendor D,False,True,synthetic,225100000.0,217730000.0
PO-02681,2025-08-27,Corporate Affairs,SPEC-HIGH,high,16,512,True,30,20296000.0,22204000.0,Vendor E,True,False,synthetic,608880000.0,666120000.0
PO-02682,2025-11-03,Finance & Risk,SPEC-HIGH,high,16,512,True,5,20698000.0,24679000.0,Vendor E,True,True,synthetic,103490000.0,123395000.0
PO-02683,2026-03-29,Corporate Affairs,SPEC-PREMIUM,premium,16,512,False,15,21880000.0,22431000.0,Vendor A,True,True,synthetic,328200000.0,336465000.0
PO-02684,2024-10-27,Corporate Affairs,SPEC-MID,mid,16,512,False,10,8608000.0,9260000.0,Vendor E,True,True,synthetic,86080000.0,92600000.0
PO-02685,2025-06-03,Operations,SPEC-MID,mid,16,512,False,20,7995000.0,7425000.0,Vendor D,True,True,synthetic,159900000.0,148500000.0
PO-02686,2025-04-26,IT & Digital,SPEC-MID,mid,16,512,False,5,8290000.0,8744000.0,Vendor C,False,True,synthetic,41450000.0,43720000.0
PO-02687,2025-07-22,Retail Banking,SPEC-ENTRY,entry,8,256,False,30,5571000.0,5348000.0,Vendor B,False,True,synthetic,167130000.0,160440000.0
PO-02688,2026-08-14,IT & Digital,SPEC-ENTRY,entry,8,256,False,50,5583000.0,5635000.0,Vendor C,False,False,synthetic,279150000.0,281750000.0
PO-02689,2025-04-01,Finance & Risk,SPEC-HIGH,high,16,512,True,50,21280000.0,22340000.0,Vendor E,False,True,synthetic,1064000000.0,1117000000.0
PO-02690,2026-05-28,Corporate Affairs,SPEC-ENTRY,entry,8,256,False,25,5536000.0,6370000.0,Vendor D,True,True,synthetic,138400000.0,159250000.0
PO-02691,2024-10-21,Finance & Risk,SPEC-MID,mid,16,512,False,15,7759000.0,9087000.0,Vendor D,True,True,synthetic,116385000.0,136305000.0
PO-02692,2024-11-10,Compliance,SPEC-ENTRY,entry,8,256,False,10,5258000.0,5064000.0,Vendor E,False,True,synthetic,52580000.0,50640000.0
PO-02693,2025-11-17,Operations,SPEC-HIGH,high,16,512,True,5,21949000.0,19776000.0,Vendor C,True,True,synthetic,109745000.0,98880000.0
PO-02694,2024-10-18,IT & Digital,SPEC-MID,mid,16,512,False,5,7803000.0,8712000.0,Vendor C,False,True,synthetic,39015000.0,43560000.0
PO-02695,2026-08-04,Finance & Risk,SPEC-MID,mid,16,512,False,10,7895000.0,7384000.0,Vendor C,True,False,synthetic,78950000.0,73840000.0
PO-02696,2026-06-02,Operations,SPEC-MID,mid,16,512,False,50,8401000.0,7964000.0,Vendor A,True,True,synthetic,420050000.0,398200000.0
PO-02697,2026-03-11,IT & Digital,SPEC-ENTRY,entry,8,256,False,30,5255000.0,5515000.0,Vendor C,False,True,synthetic,157650000.0,165450000.0
PO-02698,2024-12-06,Corporate Affairs,SPEC-HIGH,high,16,512,True,10,21120000.0,22985000.0,Vendor C,False,True,synthetic,211200000.0,229850000.0
PO-02699,2025-01-19,Compliance,SPEC-HIGH,high,16,512,True,5,20544000.0,19531000.0,Vendor C,False,True,synthetic,102720000.0,97655000.0
PO-02700,2025-10-09,Corporate Affairs,SPEC-ENTRY,entry,8,256,False,40,5961000.0,5346000.0,Vendor C,False,True,synthetic,238440000.0,213840000.0
PO-02701,2026-04-12,Corporate Affairs,SPEC-MID,mid,16,512,False,25,8341000.0,8365000.0,Vendor C,False,False,synthetic,208525000.0,209125000.0
PO-02702,2024-12-01,Retail Banking,SPEC-MID,mid,16,512,False,5,8814000.0,7858000.0,Vendor E,True,False,synthetic,44070000.0,39290000.0
PO-02703,2025-03-28,Compliance,SPEC-HIGH,high,16,512,True,20,19405000.0,20781000.0,Vendor D,False,True,synthetic,388100000.0,415620000.0
PO-02704,2026-08-20,Operations,SPEC-PREMIUM,premium,16,512,False,5,22780000.0,22297000.0,Vendor B,True,True,synthetic,113900000.0,111485000.0
PO-02705,2025-10-30,Retail Banking,SPEC-HIGH,high,16,512,True,20,20758000.0,21325000.0,Vendor E,False,True,synthetic,415160000.0,426500000.0
PO-02706,2025-01-13,Corporate Affairs,SPEC-HIGH,high,16,512,True,5,20578000.0,18694000.0,Vendor E,False,True,synthetic,102890000.0,93470000.0
PO-02707,2026-07-09,Retail Banking,SPEC-MID,mid,16,512,False,10,8352000.0,9265000.0,Vendor D,True,True,synthetic,83520000.0,92650000.0
PO-02708,2026-04-09,Retail Banking,SPEC-PREMIUM,premium,16,512,False,30,22299000.0,21033000.0,Vendor D,False,True,synthetic,668970000.0,630990000.0
PO-02709,2024-10-13,Retail Banking,SPEC-ENTRY,entry,8,256,False,25,5596000.0,4994000.0,Vendor B,False,True,synthetic,139900000.0,124850000.0
PO-02710,2025-04-21,Compliance,SPEC-PREMIUM,premium,16,512,False,5,21001000.0,23729000.0,Vendor A,True,True,synthetic,105005000.0,118645000.0
PO-02711,2025-09-04,Retail Banking,SPEC-HIGH,high,16,512,True,15,19816000.0,19378000.0,Vendor A,False,False,synthetic,297240000.0,290670000.0
PO-02712,2025-07-25,Finance & Risk,SPEC-HIGH,high,16,512,True,5,21157000.0,23681000.0,Vendor E,True,True,synthetic,105785000.0,118405000.0
PO-02713,2024-10-08,Corporate Affairs,SPEC-HIGH,high,16,512,True,10,21745000.0,24409000.0,Vendor D,False,True,synthetic,217450000.0,244090000.0
PO-02714,2026-07-03,IT & Digital,SPEC-MID,mid,16,512,False,5,8971000.0,9137000.0,Vendor D,True,True,synthetic,44855000.0,45685000.0
PO-02715,2024-12-15,IT & Digital,SPEC-MID,mid,16,512,False,15,8033000.0,7635000.0,Vendor A,False,True,synthetic,120495000.0,114525000.0
PO-02716,2026-02-08,Operations,SPEC-HIGH,high,16,512,True,15,22445000.0,18779000.0,Vendor A,True,True,synthetic,336675000.0,281685000.0
PO-02717,2025-08-06,Finance & Risk,SPEC-HIGH,high,16,512,True,5,22510000.0,20464000.0,Vendor E,False,True,synthetic,112550000.0,102320000.0
PO-02718,2025-03-10,Retail Banking,SPEC-HIGH,high,16,512,True,15,21615000.0,20805000.0,Vendor C,True,True,synthetic,324225000.0,312075000.0
PO-02719,2024-12-23,IT & Digital,SPEC-HIGH,high,16,512,True,5,22109000.0,23159000.0,Vendor C,True,True,synthetic,110545000.0,115795000.0
PO-02720,2025-08-09,Finance & Risk,SPEC-PREMIUM,premium,16,512,False,10,22373000.0,19614000.0,Vendor B,True,True,synthetic,223730000.0,196140000.0
PO-02721,2024-12-18,Finance & Risk,SPEC-ENTRY,entry,8,256,False,5,5798000.0,5756000.0,Vendor B,True,True,synthetic,28990000.0,28780000.0
PO-02722,2025-09-06,Operations,SPEC-ENTRY,entry,8,256,False,10,5306000.0,5848000.0,Vendor D,True,True,synthetic,53060000.0,58480000.0
PO-02723,2025-02-18,Operations,SPEC-ENTRY,entry,8,256,False,30,5377000.0,6343000.0,Vendor A,False,True,synthetic,161310000.0,190290000.0
PO-02724,2025-06-04,IT & Digital,SPEC-HIGH,high,16,512,True,5,20394000.0,20455000.0,Vendor B,True,False,synthetic,101970000.0,102275000.0
PO-02725,2026-06-19,Retail Banking,SPEC-ENTRY,entry,8,256,False,15,5512000.0,5510000.0,Vendor B,True,False,synthetic,82680000.0,82650000.0
PO-02726,2025-11-10,Corporate Affairs,SPEC-PREMIUM,premium,16,512,False,10,21639000.0,21830000.0,Vendor D,True,True,synthetic,216390000.0,218300000.0
PO-02727,2024-10-03,Finance & Risk,SPEC-HIGH,high,16,512,True,10,20820000.0,21142000.0,Vendor B,True,True,synthetic,208200000.0,211420000.0
PO-02728,2025-05-19,Compliance,SPEC-ENTRY,entry,8,256,False,40,5993000.0,5277000.0,Vendor D,True,True,synthetic,239720000.0,211080000.0
PO-02729,2024-09-30,Operations,SPEC-MID,mid,16,512,False,10,8534000.0,8637000.0,Vendor D,False,True,synthetic,85340000.0,86370000.0
PO-02730,2026-05-19,Retail Banking,SPEC-MID,mid,16,512,False,10,7976000.0,9425000.0,Vendor D,False,True,synthetic,79760000.0,94250000.0
PO-02731,2025-03-27,Retail Banking,SPEC-MID,mid,16,512,False,50,8359000.0,9391000.0,Vendor D,True,True,synthetic,417950000.0,469550000.0
PO-02732,2024-09-18,Operations,SPEC-MID,mid,16,512,False,5,8806000.0,9199000.0,Vendor C,True,True,synthetic,44030000.0,45995000.0
PO-02733,2025-07-29,Retail Banking,SPEC-ENTRY,entry,8,256,False,5,5458000.0,5559000.0,Vendor B,True,True,synthetic,27290000.0,27795000.0
PO-02734,2026-05-12,Retail Banking,SPEC-MID,mid,16,512,False,10,7815000.0,7624000.0,Vendor E,True,True,synthetic,78150000.0,76240000.0
PO-02735,2026-03-04,Corporate Affairs,SPEC-ENTRY,entry,8,256,False,25,5176000.0,5562000.0,Vendor E,False,True,synthetic,129400000.0,139050000.0
PO-02736,2026-07-29,Compliance,SPEC-HIGH,high,16,512,True,25,20182000.0,21969000.0,Vendor D,True,True,synthetic,504550000.0,549225000.0
PO-02737,2025-08-13,Compliance,SPEC-MID,mid,16,512,False,30,7772000.0,8949000.0,Vendor D,True,True,synthetic,233160000.0,268470000.0
PO-02738,2025-06-25,Operations,SPEC-ENTRY,entry,8,256,False,10,5544000.0,5469000.0,Vendor E,False,True,synthetic,55440000.0,54690000.0
PO-02739,2026-02-05,Operations,SPEC-ENTRY,entry,8,256,False,5,5163000.0,5993000.0,Vendor C,True,True,synthetic,25815000.0,29965000.0
PO-02740,2025-09-09,Retail Banking,SPEC-HIGH,high,16,512,True,50,19464000.0,22899000.0,Vendor D,True,True,synthetic,973200000.0,1144950000.0
PO-02741,2026-04-09,Compliance,SPEC-ENTRY,entry,8,256,False,5,5695000.0,6108000.0,Vendor D,False,True,synthetic,28475000.0,30540000.0
PO-02742,2026-04-18,Corporate Affairs,SPEC-HIGH,high,16,512,True,5,20626000.0,23780000.0,Vendor A,False,True,synthetic,103130000.0,118900000.0
PO-02743,2025-08-19,Compliance,SPEC-ENTRY,entry,8,256,False,30,5710000.0,6165000.0,Vendor D,False,True,synthetic,171300000.0,184950000.0
PO-02744,2025-07-04,Compliance,SPEC-MID,mid,16,512,False,10,8519000.0,9471000.0,Vendor E,True,True,synthetic,85190000.0,94710000.0
PO-02745,2025-01-24,Operations,SPEC-ENTRY,entry,8,256,False,5,5980000.0,5595000.0,Vendor E,True,True,synthetic,29900000.0,27975000.0
PO-02746,2025-12-08,Finance & Risk,SPEC-PREMIUM,premium,16,512,False,10,21609000.0,22876000.0,Vendor E,False,True,synthetic,216090000.0,228760000.0
PO-02747,2024-11-16,Retail Banking,SPEC-PREMIUM,premium,16,512,False,20,22335000.0,20466000.0,Vendor D,True,True,synthetic,446700000.0,409320000.0
PO-02748,2025-08-09,IT & Digital,SPEC-ENTRY,entry,8,256,False,10,5502000.0,5719000.0,Vendor C,False,True,synthetic,55020000.0,57190000.0
PO-02749,2026-06-10,Compliance,SPEC-ENTRY,entry,8,256,False,10,5661000.0,6259000.0,Vendor C,True,True,synthetic,56610000.0,62590000.0
PO-02750,2025-11-23,Finance & Risk,SPEC-MID,mid,16,512,False,5,8016000.0,8906000.0,Vendor B,True,True,synthetic,40080000.0,44530000.0
PO-02751,2025-01-05,Finance & Risk,SPEC-ENTRY,entry,8,256,False,15,5281000.0,4901000.0,Vendor C,True,False,synthetic,79215000.0,73515000.0
PO-02752,2025-01-17,Operations,SPEC-PREMIUM,premium,16,512,False,30,20440000.0,21439000.0,Vendor B,False,True,synthetic,613200000.0,643170000.0
PO-02753,2024-11-29,Retail Banking,SPEC-MID,mid,16,512,False,5,8825000.0,9467000.0,Vendor E,True,True,synthetic,44125000.0,47335000.0
PO-02754,2025-06-21,Corporate Affairs,SPEC-PREMIUM,premium,16,512,False,10,19664000.0,22142000.0,Vendor C,False,True,synthetic,196640000.0,221420000.0
PO-02755,2026-05-23,IT & Digital,SPEC-ENTRY,entry,8,256,False,5,5242000.0,5390000.0,Vendor E,False,True,synthetic,26210000.0,26950000.0
PO-02756,2025-06-22,Finance & Risk,SPEC-ENTRY,entry,8,256,False,40,5170000.0,6299000.0,Vendor A,True,True,synthetic,206800000.0,251960000.0
PO-02757,2026-02-13,IT & Digital,SPEC-PREMIUM,premium,16,512,False,15,20570000.0,20356000.0,Vendor C,False,True,synthetic,308550000.0,305340000.0
PO-02758,2025-07-03,Compliance,SPEC-ENTRY,entry,8,256,False,20,5869000.0,5540000.0,Vendor D,True,True,synthetic,117380000.0,110800000.0
PO-02759,2025-09-13,Finance & Risk,SPEC-HIGH,high,16,512,True,10,22723000.0,21322000.0,Vendor E,True,True,synthetic,227230000.0,213220000.0
PO-02760,2025-08-27,IT & Digital,SPEC-ENTRY,entry,8,256,False,25,5251000.0,5454000.0,Vendor C,True,True,synthetic,131275000.0,136350000.0
PO-02761,2026-06-11,IT & Digital,SPEC-MID,mid,16,512,False,20,7912000.0,8177000.0,Vendor A,True,True,synthetic,158240000.0,163540000.0
PO-02762,2026-02-20,Corporate Affairs,SPEC-MID,mid,16,512,False,10,8477000.0,7518000.0,Vendor B,False,True,synthetic,84770000.0,75180000.0
PO-02763,2025-11-10,Operations,SPEC-MID,mid,16,512,False,10,8077000.0,9549000.0,Vendor D,False,True,synthetic,80770000.0,95490000.0
PO-02764,2025-01-13,Finance & Risk,SPEC-MID,mid,16,512,False,10,7827000.0,8882000.0,Vendor A,True,True,synthetic,78270000.0,88820000.0
PO-02765,2025-03-25,IT & Digital,SPEC-ENTRY,entry,8,256,False,20,5133000.0,5609000.0,Vendor B,True,True,synthetic,102660000.0,112180000.0
PO-02766,2024-09-22,Compliance,SPEC-MID,mid,16,512,False,15,8301000.0,9568000.0,Vendor B,True,False,synthetic,124515000.0,143520000.0
PO-02767,2024-10-17,IT & Digital,SPEC-PREMIUM,premium,16,512,False,40,21096000.0,21683000.0,Vendor E,True,True,synthetic,843840000.0,867320000.0
PO-02768,2024-11-01,Corporate Affairs,SPEC-MID,mid,16,512,False,20,7939000.0,9053000.0,Vendor C,True,True,synthetic,158780000.0,181060000.0
PO-02769,2025-07-19,Operations,SPEC-ENTRY,entry,8,256,False,5,5167000.0,5589000.0,Vendor D,False,True,synthetic,25835000.0,27945000.0
PO-02770,2026-06-27,Finance & Risk,SPEC-PREMIUM,premium,16,512,False,30,21382000.0,24499000.0,Vendor E,True,True,synthetic,641460000.0,734970000.0
PO-02771,2024-12-08,IT & Digital,SPEC-MID,mid,16,512,False,10,8313000.0,7390000.0,Vendor E,True,True,synthetic,83130000.0,73900000.0
PO-02772,2025-07-19,Compliance,SPEC-ENTRY,entry,8,256,False,15,5858000.0,6113000.0,Vendor C,True,True,synthetic,87870000.0,91695000.0
PO-02773,2025-07-31,Finance & Risk,SPEC-HIGH,high,16,512,True,20,21876000.0,21104000.0,Vendor C,False,True,synthetic,437520000.0,422080000.0
PO-02774,2026-05-16,IT & Digital,SPEC-MID,mid,16,512,False,5,8920000.0,8377000.0,Vendor C,True,True,synthetic,44600000.0,41885000.0
PO-02775,2025-09-25,Compliance,SPEC-MID,mid,16,512,False,20,8615000.0,8009000.0,Vendor B,True,True,synthetic,172300000.0,160180000.0
PO-02776,2026-08-03,Retail Banking,SPEC-ENTRY,entry,8,256,False,20,5808000.0,6354000.0,Vendor C,True,True,synthetic,116160000.0,127080000.0
PO-02777,2026-02-15,Corporate Affairs,SPEC-ENTRY,entry,8,256,False,5,5844000.0,5018000.0,Vendor E,True,False,synthetic,29220000.0,25090000.0
PO-02778,2025-12-10,Operations,SPEC-MID,mid,16,512,False,10,8229000.0,8298000.0,Vendor B,True,True,synthetic,82290000.0,82980000.0
PO-02779,2024-12-08,IT & Digital,SPEC-HIGH,high,16,512,True,25,20070000.0,23067000.0,Vendor B,True,False,synthetic,501750000.0,576675000.0
PO-02780,2026-01-08,Operations,SPEC-MID,mid,16,512,False,15,7681000.0,8019000.0,Vendor D,False,True,synthetic,115215000.0,120285000.0
PO-02781,2026-03-13,Compliance,SPEC-MID,mid,16,512,False,10,7806000.0,8054000.0,Vendor B,False,True,synthetic,78060000.0,80540000.0
PO-02782,2025-09-11,IT & Digital,SPEC-ENTRY,entry,8,256,False,15,5626000.0,5731000.0,Vendor D,True,True,synthetic,84390000.0,85965000.0
PO-02783,2025-06-07,Finance & Risk,SPEC-MID,mid,16,512,False,20,7852000.0,8782000.0,Vendor B,False,False,synthetic,157040000.0,175640000.0
PO-02784,2024-11-17,IT & Digital,SPEC-ENTRY,entry,8,256,False,10,5454000.0,6500000.0,Vendor D,True,True,synthetic,54540000.0,65000000.0
PO-02785,2025-03-13,Corporate Affairs,SPEC-MID,mid,16,512,False,15,8299000.0,7880000.0,Vendor D,False,True,synthetic,124485000.0,118200000.0
PO-02786,2026-06-04,Compliance,SPEC-ENTRY,entry,8,256,False,20,5891000.0,6036000.0,Vendor A,False,True,synthetic,117820000.0,120720000.0
PO-02787,2026-01-05,Finance & Risk,SPEC-ENTRY,entry,8,256,False,10,5209000.0,5645000.0,Vendor E,True,False,synthetic,52090000.0,56450000.0
PO-02788,2024-11-25,Compliance,SPEC-HIGH,high,16,512,True,10,22528000.0,21100000.0,Vendor D,True,True,synthetic,225280000.0,211000000.0
PO-02789,2026-05-27,Corporate Affairs,SPEC-MID,mid,16,512,False,15,8111000.0,7869000.0,Vendor B,True,True,synthetic,121665000.0,118035000.0
PO-02790,2025-12-21,Retail Banking,SPEC-MID,mid,16,512,False,5,7989000.0,8864000.0,Vendor D,True,True,synthetic,39945000.0,44320000.0
PO-02791,2025-11-29,Compliance,SPEC-ENTRY,entry,8,256,False,20,5873000.0,4985000.0,Vendor D,True,False,synthetic,117460000.0,99700000.0
PO-02792,2025-08-08,Compliance,SPEC-MID,mid,16,512,False,10,8535000.0,9009000.0,Vendor D,False,True,synthetic,85350000.0,90090000.0
PO-02793,2026-08-08,Compliance,SPEC-ENTRY,entry,8,256,False,10,5313000.0,6274000.0,Vendor A,False,True,synthetic,53130000.0,62740000.0
PO-02794,2024-10-17,IT & Digital,SPEC-ENTRY,entry,8,256,False,5,5319000.0,5277000.0,Vendor C,True,True,synthetic,26595000.0,26385000.0
PO-02795,2024-09-23,Corporate Affairs,SPEC-MID,mid,16,512,False,10,8496000.0,7520000.0,Vendor D,False,True,synthetic,84960000.0,75200000.0
PO-02796,2025-09-05,Compliance,SPEC-MID,mid,16,512,False,40,8746000.0,9544000.0,Vendor B,True,True,synthetic,349840000.0,381760000.0
PO-02797,2024-12-25,Retail Banking,SPEC-ENTRY,entry,8,256,False,5,5400000.0,5913000.0,Vendor B,True,True,synthetic,27000000.0,29565000.0
PO-02798,2025-03-12,Compliance,SPEC-HIGH,high,16,512,True,10,20595000.0,22241000.0,Vendor D,True,True,synthetic,205950000.0,222410000.0
PO-02799,2025-05-13,Compliance,SPEC-MID,mid,16,512,False,25,7945000.0,8941000.0,Vendor D,True,True,synthetic,198625000.0,223525000.0
PO-02800,2026-01-08,Operations,SPEC-HIGH,high,16,512,True,10,21780000.0,21069000.0,Vendor D,True,True,synthetic,217800000.0,210690000.0
PO-02801,2026-02-05,Compliance,SPEC-ENTRY,entry,8,256,False,15,5362000.0,5710000.0,Vendor C,True,False,synthetic,80430000.0,85650000.0
PO-02802,2025-09-21,Corporate Affairs,SPEC-HIGH,high,16,512,True,20,21533000.0,22481000.0,Vendor E,True,True,synthetic,430660000.0,449620000.0
PO-02803,2025-11-01,Retail Banking,SPEC-ENTRY,entry,8,256,False,5,5107000.0,6263000.0,Vendor D,False,True,synthetic,25535000.0,31315000.0
PO-02804,2026-03-07,Corporate Affairs,SPEC-HIGH,high,16,512,True,10,22405000.0,23259000.0,Vendor A,True,True,synthetic,224050000.0,232590000.0
PO-02805,2025-06-14,Corporate Affairs,SPEC-ENTRY,entry,8,256,False,30,5999000.0,5267000.0,Vendor E,False,True,synthetic,179970000.0,158010000.0
PO-02806,2025-08-19,Operations,SPEC-MID,mid,16,512,False,10,7812000.0,9310000.0,Vendor C,True,True,synthetic,78120000.0,93100000.0
PO-02807,2025-11-08,Compliance,SPEC-ENTRY,entry,8,256,False,10,5252000.0,5158000.0,Vendor C,False,True,synthetic,52520000.0,51580000.0
PO-02808,2024-09-30,Operations,SPEC-MID,mid,16,512,False,10,8023000.0,8558000.0,Vendor B,True,True,synthetic,80230000.0,85580000.0
PO-02809,2025-08-31,Compliance,SPEC-PREMIUM,premium,16,512,False,5,20144000.0,21587000.0,Vendor A,False,True,synthetic,100720000.0,107935000.0
PO-02810,2025-07-10,IT & Digital,SPEC-MID,mid,16,512,False,10,7720000.0,9589000.0,Vendor C,False,True,synthetic,77200000.0,95890000.0
PO-02811,2026-07-07,Retail Banking,SPEC-ENTRY,entry,8,256,False,10,5471000.0,6114000.0,Vendor C,False,True,synthetic,54710000.0,61140000.0
PO-02812,2026-06-11,IT & Digital,SPEC-MID,mid,16,512,False,15,8768000.0,9418000.0,Vendor D,True,True,synthetic,131520000.0,141270000.0
PO-02813,2025-11-17,Compliance,SPEC-HIGH,high,16,512,True,10,20921000.0,19621000.0,Vendor C,False,True,synthetic,209210000.0,196210000.0
PO-02814,2026-02-23,Corporate Affairs,SPEC-MID,mid,16,512,False,40,8914000.0,7630000.0,Vendor D,False,True,synthetic,356560000.0,305200000.0
PO-02815,2024-10-09,Compliance,SPEC-MID,mid,16,512,False,15,8491000.0,8086000.0,Vendor B,False,True,synthetic,127365000.0,121290000.0
PO-02816,2024-11-29,Corporate Affairs,SPEC-MID,mid,16,512,False,10,8888000.0,9694000.0,Vendor B,True,True,synthetic,88880000.0,96940000.0
PO-02817,2025-08-10,Finance & Risk,SPEC-HIGH,high,16,512,True,5,21090000.0,18957000.0,Vendor E,False,True,synthetic,105450000.0,94785000.0
PO-02818,2025-10-09,Finance & Risk,SPEC-MID,mid,16,512,False,30,8905000.0,8145000.0,Vendor B,False,True,synthetic,267150000.0,244350000.0
PO-02819,2026-06-06,Corporate Affairs,SPEC-ENTRY,entry,8,256,False,15,5693000.0,5041000.0,Vendor D,True,True,synthetic,85395000.0,75615000.0
PO-02820,2025-09-15,Finance & Risk,SPEC-ENTRY,entry,8,256,False,50,5510000.0,5383000.0,Vendor C,False,True,synthetic,275500000.0,269150000.0
PO-02821,2025-06-26,Compliance,SPEC-MID,mid,16,512,False,25,8640000.0,8229000.0,Vendor B,True,True,synthetic,216000000.0,205725000.0
PO-02822,2026-01-23,Operations,SPEC-MID,mid,16,512,False,5,7713000.0,7769000.0,Vendor E,True,True,synthetic,38565000.0,38845000.0
PO-02823,2025-08-30,Operations,SPEC-MID,mid,16,512,False,5,8538000.0,8274000.0,Vendor B,True,False,synthetic,42690000.0,41370000.0
PO-02824,2026-02-07,Retail Banking,SPEC-ENTRY,entry,8,256,False,20,5905000.0,5816000.0,Vendor C,False,True,synthetic,118100000.0,116320000.0
PO-02825,2025-12-30,Operations,SPEC-HIGH,high,16,512,True,10,22712000.0,21314000.0,Vendor D,True,True,synthetic,227120000.0,213140000.0
PO-02826,2026-04-24,Retail Banking,SPEC-ENTRY,entry,8,256,False,5,5513000.0,5172000.0,Vendor A,True,False,synthetic,27565000.0,25860000.0
PO-02827,2024-10-23,Operations,SPEC-ENTRY,entry,8,256,False,50,5506000.0,5292000.0,Vendor D,True,True,synthetic,275300000.0,264600000.0
PO-02828,2025-11-13,Compliance,SPEC-MID,mid,16,512,False,5,8045000.0,7644000.0,Vendor A,False,True,synthetic,40225000.0,38220000.0
PO-02829,2024-11-14,IT & Digital,SPEC-MID,mid,16,512,False,5,8247000.0,7680000.0,Vendor B,True,False,synthetic,41235000.0,38400000.0
PO-02830,2025-01-26,Finance & Risk,SPEC-PREMIUM,premium,16,512,False,20,20765000.0,22952000.0,Vendor C,True,True,synthetic,415300000.0,459040000.0
PO-02831,2025-07-13,Retail Banking,SPEC-MID,mid,16,512,False,10,7837000.0,8054000.0,Vendor E,True,True,synthetic,78370000.0,80540000.0
PO-02832,2025-06-28,Finance & Risk,SPEC-MID,mid,16,512,False,15,7789000.0,9322000.0,Vendor B,True,True,synthetic,116835000.0,139830000.0
PO-02833,2026-04-02,Operations,SPEC-HIGH,high,16,512,True,15,22375000.0,22281000.0,Vendor E,True,True,synthetic,335625000.0,334215000.0
PO-02834,2025-06-16,IT & Digital,SPEC-MID,mid,16,512,False,5,8846000.0,8234000.0,Vendor A,True,False,synthetic,44230000.0,41170000.0
PO-02835,2026-06-23,Operations,SPEC-MID,mid,16,512,False,30,8941000.0,9451000.0,Vendor E,True,True,synthetic,268230000.0,283530000.0
PO-02836,2026-07-01,Compliance,SPEC-MID,mid,16,512,False,40,7890000.0,9105000.0,Vendor D,True,False,synthetic,315600000.0,364200000.0
PO-02837,2025-05-31,Finance & Risk,SPEC-ENTRY,entry,8,256,False,15,5201000.0,6156000.0,Vendor E,False,True,synthetic,78015000.0,92340000.0
PO-02838,2025-09-26,Finance & Risk,SPEC-MID,mid,16,512,False,20,8552000.0,9180000.0,Vendor E,False,True,synthetic,171040000.0,183600000.0
PO-02839,2025-03-08,Finance & Risk,SPEC-ENTRY,entry,8,256,False,25,5599000.0,5881000.0,Vendor C,True,True,synthetic,139975000.0,147025000.0
PO-02840,2025-10-27,IT & Digital,SPEC-PREMIUM,premium,16,512,False,15,20009000.0,20333000.0,Vendor B,True,True,synthetic,300135000.0,304995000.0
PO-02841,2025-12-04,Finance & Risk,SPEC-ENTRY,entry,8,256,False,40,5456000.0,4964000.0,Vendor A,True,True,synthetic,218240000.0,198560000.0
PO-02842,2026-05-07,IT & Digital,SPEC-MID,mid,16,512,False,5,7706000.0,7699000.0,Vendor E,False,False,synthetic,38530000.0,38495000.0
PO-02843,2025-07-13,Retail Banking,SPEC-ENTRY,entry,8,256,False,10,5789000.0,6088000.0,Vendor C,True,True,synthetic,57890000.0,60880000.0
PO-02844,2026-02-01,Operations,SPEC-MID,mid,16,512,False,10,8770000.0,8015000.0,Vendor D,True,False,synthetic,87700000.0,80150000.0
PO-02845,2025-10-25,Retail Banking,SPEC-ENTRY,entry,8,256,False,25,5162000.0,6057000.0,Vendor A,True,False,synthetic,129050000.0,151425000.0
PO-02846,2025-09-17,Corporate Affairs,SPEC-HIGH,high,16,512,True,40,21606000.0,24118000.0,Vendor D,False,True,synthetic,864240000.0,964720000.0
PO-02847,2025-05-20,Corporate Affairs,SPEC-HIGH,high,16,512,True,5,21585000.0,19090000.0,Vendor D,False,False,synthetic,107925000.0,95450000.0
PO-02848,2025-06-08,Compliance,SPEC-MID,mid,16,512,False,5,8768000.0,8108000.0,Vendor D,False,True,synthetic,43840000.0,40540000.0
PO-02849,2025-11-05,Corporate Affairs,SPEC-MID,mid,16,512,False,25,8570000.0,7964000.0,Vendor A,False,True,synthetic,214250000.0,199100000.0
PO-02850,2026-06-12,Finance & Risk,SPEC-MID,mid,16,512,False,25,7905000.0,7921000.0,Vendor D,True,True,synthetic,197625000.0,198025000.0
PO-02851,2025-07-25,IT & Digital,SPEC-PREMIUM,premium,16,512,False,50,21302000.0,20977000.0,Vendor A,True,True,synthetic,1065100000.0,1048850000.0
PO-02852,2025-04-04,IT & Digital,SPEC-ENTRY,entry,8,256,False,20,5719000.0,4965000.0,Vendor B,True,True,synthetic,114380000.0,99300000.0
PO-02853,2024-12-15,Retail Banking,SPEC-MID,mid,16,512,False,5,8635000.0,8201000.0,Vendor D,False,True,synthetic,43175000.0,41005000.0
PO-02854,2026-01-08,Finance & Risk,SPEC-HIGH,high,16,512,True,15,20025000.0,23042000.0,Vendor B,True,False,synthetic,300375000.0,345630000.0
PO-02855,2024-12-16,IT & Digital,SPEC-MID,mid,16,512,False,25,8169000.0,8525000.0,Vendor A,False,True,synthetic,204225000.0,213125000.0
PO-02856,2025-04-02,Operations,SPEC-PREMIUM,premium,16,512,False,10,22553000.0,22274000.0,Vendor E,True,True,synthetic,225530000.0,222740000.0
PO-02857,2025-07-05,Finance & Risk,SPEC-HIGH,high,16,512,True,10,19694000.0,23666000.0,Vendor A,True,True,synthetic,196940000.0,236660000.0
PO-02858,2024-12-25,Compliance,SPEC-HIGH,high,16,512,True,10,21907000.0,24460000.0,Vendor E,False,True,synthetic,219070000.0,244600000.0
PO-02859,2025-09-22,Retail Banking,SPEC-MID,mid,16,512,False,25,7658000.0,8729000.0,Vendor E,False,True,synthetic,191450000.0,218225000.0
PO-02860,2024-09-14,Finance & Risk,SPEC-ENTRY,entry,8,256,False,20,5273000.0,5002000.0,Vendor D,True,True,synthetic,105460000.0,100040000.0
PO-02861,2026-02-15,Retail Banking,SPEC-ENTRY,entry,8,256,False,5,5829000.0,6174000.0,Vendor E,True,True,synthetic,29145000.0,30870000.0
PO-02862,2025-11-10,Corporate Affairs,SPEC-ENTRY,entry,8,256,False,5,5287000.0,5993000.0,Vendor E,True,True,synthetic,26435000.0,29965000.0
PO-02863,2025-10-18,Corporate Affairs,SPEC-PREMIUM,premium,16,512,False,10,19469000.0,18622000.0,Vendor E,False,False,synthetic,194690000.0,186220000.0
PO-02864,2026-04-14,IT & Digital,SPEC-HIGH,high,16,512,True,10,20789000.0,23155000.0,Vendor A,False,True,synthetic,207890000.0,231550000.0
PO-02865,2025-04-21,Compliance,SPEC-HIGH,high,16,512,True,10,20237000.0,24483000.0,Vendor B,True,True,synthetic,202370000.0,244830000.0
PO-02866,2025-11-15,Operations,SPEC-MID,mid,16,512,False,10,8495000.0,9450000.0,Vendor A,True,True,synthetic,84950000.0,94500000.0
PO-02867,2026-03-20,Compliance,SPEC-MID,mid,16,512,False,15,7787000.0,8639000.0,Vendor D,True,False,synthetic,116805000.0,129585000.0
PO-02868,2025-08-14,Finance & Risk,SPEC-ENTRY,entry,8,256,False,15,5231000.0,5812000.0,Vendor A,True,True,synthetic,78465000.0,87180000.0
PO-02869,2025-12-29,IT & Digital,SPEC-ENTRY,entry,8,256,False,5,5924000.0,5390000.0,Vendor A,False,True,synthetic,29620000.0,26950000.0
PO-02870,2026-04-10,Compliance,SPEC-HIGH,high,16,512,True,25,20566000.0,23725000.0,Vendor C,True,True,synthetic,514150000.0,593125000.0
PO-02871,2025-05-24,IT & Digital,SPEC-ENTRY,entry,8,256,False,20,5966000.0,5779000.0,Vendor C,False,True,synthetic,119320000.0,115580000.0
PO-02872,2026-01-24,Corporate Affairs,SPEC-PREMIUM,premium,16,512,False,10,21675000.0,21385000.0,Vendor D,True,True,synthetic,216750000.0,213850000.0
PO-02873,2025-01-05,Corporate Affairs,SPEC-MID,mid,16,512,False,10,8837000.0,8077000.0,Vendor B,True,False,synthetic,88370000.0,80770000.0
PO-02874,2025-11-27,Retail Banking,SPEC-MID,mid,16,512,False,10,7886000.0,9589000.0,Vendor A,False,True,synthetic,78860000.0,95890000.0
PO-02875,2025-01-18,Retail Banking,SPEC-HIGH,high,16,512,True,15,19886000.0,18734000.0,Vendor B,True,True,synthetic,298290000.0,281010000.0
PO-02876,2025-11-04,Compliance,SPEC-PREMIUM,premium,16,512,False,20,22289000.0,23193000.0,Vendor D,True,True,synthetic,445780000.0,463860000.0
PO-02877,2026-01-30,Compliance,SPEC-HIGH,high,16,512,True,10,22631000.0,22077000.0,Vendor C,False,True,synthetic,226310000.0,220770000.0
PO-02878,2025-03-19,IT & Digital,SPEC-HIGH,high,16,512,True,20,19412000.0,22085000.0,Vendor C,False,True,synthetic,388240000.0,441700000.0
PO-02879,2025-10-19,Finance & Risk,SPEC-MID,mid,16,512,False,30,8368000.0,7512000.0,Vendor C,True,True,synthetic,251040000.0,225360000.0
PO-02880,2025-08-09,Compliance,SPEC-ENTRY,entry,8,256,False,5,5486000.0,6034000.0,Vendor C,False,True,synthetic,27430000.0,30170000.0
PO-02881,2025-12-14,Compliance,SPEC-MID,mid,16,512,False,30,7956000.0,8407000.0,Vendor E,True,True,synthetic,238680000.0,252210000.0
PO-02882,2025-09-28,Corporate Affairs,SPEC-ENTRY,entry,8,256,False,20,5653000.0,4917000.0,Vendor D,False,True,synthetic,113060000.0,98340000.0
PO-02883,2024-10-13,Operations,SPEC-ENTRY,entry,8,256,False,15,5479000.0,5188000.0,Vendor A,True,True,synthetic,82185000.0,77820000.0
PO-02884,2024-11-17,Operations,SPEC-ENTRY,entry,8,256,False,10,5143000.0,5800000.0,Vendor D,False,True,synthetic,51430000.0,58000000.0
PO-02885,2025-05-29,Operations,SPEC-MID,mid,16,512,False,5,7957000.0,8743000.0,Vendor E,True,False,synthetic,39785000.0,43715000.0
PO-02886,2026-02-11,IT & Digital,SPEC-MID,mid,16,512,False,10,8137000.0,8043000.0,Vendor C,False,True,synthetic,81370000.0,80430000.0
PO-02887,2024-12-05,Operations,SPEC-HIGH,high,16,512,True,15,20811000.0,18714000.0,Vendor A,True,True,synthetic,312165000.0,280710000.0
PO-02888,2025-11-06,Operations,SPEC-ENTRY,entry,8,256,False,20,5691000.0,6232000.0,Vendor E,False,True,synthetic,113820000.0,124640000.0
PO-02889,2025-10-01,Corporate Affairs,SPEC-MID,mid,16,512,False,20,8870000.0,7746000.0,Vendor B,True,False,synthetic,177400000.0,154920000.0
PO-02890,2026-05-15,Retail Banking,SPEC-MID,mid,16,512,False,5,8438000.0,8359000.0,Vendor A,True,True,synthetic,42190000.0,41795000.0
PO-02891,2026-03-08,Compliance,SPEC-HIGH,high,16,512,True,15,21246000.0,19262000.0,Vendor C,False,True,synthetic,318690000.0,288930000.0
PO-02892,2025-10-26,Compliance,SPEC-ENTRY,entry,8,256,False,30,5869000.0,4986000.0,Vendor E,True,True,synthetic,176070000.0,149580000.0
PO-02893,2026-03-01,Compliance,SPEC-MID,mid,16,512,False,30,8210000.0,9519000.0,Vendor D,False,True,synthetic,246300000.0,285570000.0
PO-02894,2025-04-19,Operations,SPEC-MID,mid,16,512,False,5,8576000.0,7600000.0,Vendor E,False,False,synthetic,42880000.0,38000000.0
PO-02895,2024-11-10,Operations,SPEC-ENTRY,entry,8,256,False,5,5787000.0,5003000.0,Vendor D,False,False,synthetic,28935000.0,25015000.0
PO-02896,2026-08-19,Compliance,SPEC-MID,mid,16,512,False,10,8874000.0,8067000.0,Vendor B,False,True,synthetic,88740000.0,80670000.0
PO-02897,2026-06-07,Retail Banking,SPEC-ENTRY,entry,8,256,False,20,5957000.0,5880000.0,Vendor A,True,True,synthetic,119140000.0,117600000.0
PO-02898,2026-05-16,Compliance,SPEC-MID,mid,16,512,False,5,8861000.0,8982000.0,Vendor D,True,False,synthetic,44305000.0,44910000.0
PO-02899,2026-07-30,IT & Digital,SPEC-PREMIUM,premium,16,512,False,25,19506000.0,20945000.0,Vendor B,True,True,synthetic,487650000.0,523625000.0
PO-02900,2026-02-22,Retail Banking,SPEC-ENTRY,entry,8,256,False,5,5316000.0,4985000.0,Vendor C,False,True,synthetic,26580000.0,24925000.0
PO-02901,2026-07-03,IT & Digital,SPEC-MID,mid,16,512,False,20,8208000.0,8210000.0,Vendor D,False,False,synthetic,164160000.0,164200000.0
PO-02902,2026-04-30,IT & Digital,SPEC-HIGH,high,16,512,True,5,21182000.0,19979000.0,Vendor B,False,True,synthetic,105910000.0,99895000.0
PO-02903,2026-02-04,IT & Digital,SPEC-ENTRY,entry,8,256,False,15,5996000.0,6491000.0,Vendor A,True,True,synthetic,89940000.0,97365000.0
PO-02904,2026-08-01,Compliance,SPEC-HIGH,high,16,512,True,25,22156000.0,21435000.0,Vendor E,False,True,synthetic,553900000.0,535875000.0
PO-02905,2024-11-22,Finance & Risk,SPEC-HIGH,high,16,512,True,40,21519000.0,21778000.0,Vendor C,True,True,synthetic,860760000.0,871120000.0
PO-02906,2026-01-07,Corporate Affairs,SPEC-MID,mid,16,512,False,25,8412000.0,8571000.0,Vendor D,False,False,synthetic,210300000.0,214275000.0
PO-02907,2024-10-16,IT & Digital,SPEC-HIGH,high,16,512,True,20,21137000.0,19074000.0,Vendor C,True,True,synthetic,422740000.0,381480000.0
PO-02908,2025-06-29,Retail Banking,SPEC-ENTRY,entry,8,256,False,20,5416000.0,5556000.0,Vendor B,False,True,synthetic,108320000.0,111120000.0
PO-02909,2025-01-04,Operations,SPEC-MID,mid,16,512,False,10,7864000.0,8998000.0,Vendor B,False,True,synthetic,78640000.0,89980000.0
PO-02910,2026-04-16,Corporate Affairs,SPEC-ENTRY,entry,8,256,False,5,5688000.0,5779000.0,Vendor B,False,True,synthetic,28440000.0,28895000.0
PO-02911,2025-08-07,Compliance,SPEC-ENTRY,entry,8,256,False,10,5439000.0,5433000.0,Vendor D,True,False,synthetic,54390000.0,54330000.0
PO-02912,2026-05-24,Corporate Affairs,SPEC-PREMIUM,premium,16,512,False,50,19722000.0,23395000.0,Vendor B,False,True,synthetic,986100000.0,1169750000.0
PO-02913,2025-02-28,Compliance,SPEC-ENTRY,entry,8,256,False,15,5839000.0,5830000.0,Vendor C,True,True,synthetic,87585000.0,87450000.0
PO-02914,2025-03-26,Corporate Affairs,SPEC-ENTRY,entry,8,256,False,10,5761000.0,5977000.0,Vendor D,False,True,synthetic,57610000.0,59770000.0
PO-02915,2024-12-02,Operations,SPEC-ENTRY,entry,8,256,False,5,5673000.0,5363000.0,Vendor C,True,True,synthetic,28365000.0,26815000.0
PO-02916,2025-07-14,Operations,SPEC-MID,mid,16,512,False,10,8612000.0,8024000.0,Vendor A,True,True,synthetic,86120000.0,80240000.0
PO-02917,2026-07-24,Retail Banking,SPEC-MID,mid,16,512,False,5,7707000.0,7975000.0,Vendor D,True,False,synthetic,38535000.0,39875000.0
PO-02918,2025-04-20,Compliance,SPEC-MID,mid,16,512,False,25,8794000.0,7416000.0,Vendor C,True,False,synthetic,219850000.0,185400000.0
PO-02919,2025-09-17,IT & Digital,SPEC-ENTRY,entry,8,256,False,5,5850000.0,4944000.0,Vendor D,True,False,synthetic,29250000.0,24720000.0
PO-02920,2024-12-08,Retail Banking,SPEC-MID,mid,16,512,False,50,8045000.0,7671000.0,Vendor D,True,True,synthetic,402250000.0,383550000.0
PO-02921,2025-03-16,Corporate Affairs,SPEC-ENTRY,entry,8,256,False,25,5635000.0,6177000.0,Vendor D,True,True,synthetic,140875000.0,154425000.0
PO-02922,2024-12-10,Compliance,SPEC-ENTRY,entry,8,256,False,5,5372000.0,5798000.0,Vendor D,False,False,synthetic,26860000.0,28990000.0
PO-02923,2026-05-25,Corporate Affairs,SPEC-ENTRY,entry,8,256,False,10,5993000.0,5296000.0,Vendor C,True,True,synthetic,59930000.0,52960000.0
PO-02924,2025-10-14,Finance & Risk,SPEC-ENTRY,entry,8,256,False,20,5690000.0,6238000.0,Vendor B,False,True,synthetic,113800000.0,124760000.0
PO-02925,2026-04-11,IT & Digital,SPEC-ENTRY,entry,8,256,False,20,5338000.0,4991000.0,Vendor C,False,True,synthetic,106760000.0,99820000.0
PO-02926,2025-08-31,IT & Digital,SPEC-MID,mid,16,512,False,20,7712000.0,8383000.0,Vendor C,True,True,synthetic,154240000.0,167660000.0
PO-02927,2025-12-26,IT & Digital,SPEC-ENTRY,entry,8,256,False,15,5113000.0,5149000.0,Vendor A,False,True,synthetic,76695000.0,77235000.0
PO-02928,2024-12-08,Finance & Risk,SPEC-HIGH,high,16,512,True,10,21503000.0,23479000.0,Vendor B,True,True,synthetic,215030000.0,234790000.0
PO-02929,2026-08-18,IT & Digital,SPEC-PREMIUM,premium,16,512,False,10,20136000.0,23215000.0,Vendor E,False,True,synthetic,201360000.0,232150000.0
PO-02930,2025-03-01,Operations,SPEC-MID,mid,16,512,False,10,8104000.0,8951000.0,Vendor E,True,True,synthetic,81040000.0,89510000.0
PO-02931,2026-07-17,Corporate Affairs,SPEC-MID,mid,16,512,False,50,7796000.0,9001000.0,Vendor C,False,True,synthetic,389800000.0,450050000.0
PO-02932,2026-07-07,Compliance,SPEC-MID,mid,16,512,False,15,8813000.0,9315000.0,Vendor E,True,True,synthetic,132195000.0,139725000.0
PO-02933,2024-12-22,Corporate Affairs,SPEC-ENTRY,entry,8,256,False,30,5549000.0,5949000.0,Vendor B,False,True,synthetic,166470000.0,178470000.0
PO-02934,2026-06-25,Retail Banking,SPEC-HIGH,high,16,512,True,5,21521000.0,19353000.0,Vendor A,True,False,synthetic,107605000.0,96765000.0
PO-02935,2026-02-18,Corporate Affairs,SPEC-PREMIUM,premium,16,512,False,5,22728000.0,24051000.0,Vendor D,False,False,synthetic,113640000.0,120255000.0
PO-02936,2026-02-06,Compliance,SPEC-ENTRY,entry,8,256,False,10,5931000.0,5178000.0,Vendor A,True,True,synthetic,59310000.0,51780000.0
PO-02937,2024-09-15,Finance & Risk,SPEC-PREMIUM,premium,16,512,False,10,22378000.0,24167000.0,Vendor D,True,True,synthetic,223780000.0,241670000.0
PO-02938,2026-02-23,Finance & Risk,SPEC-ENTRY,entry,8,256,False,10,5997000.0,5746000.0,Vendor D,True,True,synthetic,59970000.0,57460000.0
PO-02939,2025-03-11,Finance & Risk,SPEC-MID,mid,16,512,False,30,8233000.0,8658000.0,Vendor D,True,True,synthetic,246990000.0,259740000.0
PO-02940,2025-12-19,Finance & Risk,SPEC-ENTRY,entry,8,256,False,20,5827000.0,6319000.0,Vendor C,True,True,synthetic,116540000.0,126380000.0
PO-02941,2025-06-17,Compliance,SPEC-ENTRY,entry,8,256,False,10,5883000.0,5679000.0,Vendor A,True,False,synthetic,58830000.0,56790000.0
PO-02942,2025-07-03,Finance & Risk,SPEC-ENTRY,entry,8,256,False,15,5265000.0,6197000.0,Vendor A,False,True,synthetic,78975000.0,92955000.0
PO-02943,2024-10-20,Compliance,SPEC-HIGH,high,16,512,True,20,20036000.0,18821000.0,Vendor D,True,False,synthetic,400720000.0,376420000.0
PO-02944,2024-11-18,Operations,SPEC-MID,mid,16,512,False,5,8121000.0,9100000.0,Vendor B,True,True,synthetic,40605000.0,45500000.0
PO-02945,2025-11-12,Operations,SPEC-PREMIUM,premium,16,512,False,15,20661000.0,19016000.0,Vendor A,True,True,synthetic,309915000.0,285240000.0
PO-02946,2025-09-30,Corporate Affairs,SPEC-ENTRY,entry,8,256,False,50,5852000.0,5587000.0,Vendor E,False,True,synthetic,292600000.0,279350000.0
PO-02947,2025-05-23,Operations,SPEC-MID,mid,16,512,False,10,7765000.0,8268000.0,Vendor B,True,True,synthetic,77650000.0,82680000.0
PO-02948,2025-12-25,Compliance,SPEC-MID,mid,16,512,False,5,8815000.0,7351000.0,Vendor A,True,True,synthetic,44075000.0,36755000.0
PO-02949,2025-05-05,Finance & Risk,SPEC-ENTRY,entry,8,256,False,5,5386000.0,5292000.0,Vendor E,True,True,synthetic,26930000.0,26460000.0
PO-02950,2025-04-13,Corporate Affairs,SPEC-MID,mid,16,512,False,10,8006000.0,8140000.0,Vendor D,False,True,synthetic,80060000.0,81400000.0
PO-02951,2025-01-10,Compliance,SPEC-MID,mid,16,512,False,5,7906000.0,7726000.0,Vendor C,False,True,synthetic,39530000.0,38630000.0
PO-02952,2026-02-09,Corporate Affairs,SPEC-HIGH,high,16,512,True,25,22521000.0,23078000.0,Vendor B,False,True,synthetic,563025000.0,576950000.0
PO-02953,2025-03-23,Compliance,SPEC-MID,mid,16,512,False,5,7781000.0,8433000.0,Vendor B,False,True,synthetic,38905000.0,42165000.0
PO-02954,2026-06-26,Operations,SPEC-MID,mid,16,512,False,20,8420000.0,9490000.0,Vendor B,False,True,synthetic,168400000.0,189800000.0
PO-02955,2025-05-07,Compliance,SPEC-MID,mid,16,512,False,10,8974000.0,8369000.0,Vendor D,True,False,synthetic,89740000.0,83690000.0
PO-02956,2025-10-31,IT & Digital,SPEC-HIGH,high,16,512,True,5,20651000.0,21239000.0,Vendor B,True,False,synthetic,103255000.0,106195000.0
PO-02957,2025-12-20,Corporate Affairs,SPEC-ENTRY,entry,8,256,False,10,5755000.0,6051000.0,Vendor D,False,False,synthetic,57550000.0,60510000.0
PO-02958,2026-05-26,Corporate Affairs,SPEC-ENTRY,entry,8,256,False,10,5537000.0,4971000.0,Vendor A,False,True,synthetic,55370000.0,49710000.0
PO-02959,2025-07-29,Compliance,SPEC-PREMIUM,premium,16,512,False,15,21110000.0,21650000.0,Vendor C,True,True,synthetic,316650000.0,324750000.0
PO-02960,2024-10-27,Finance & Risk,SPEC-MID,mid,16,512,False,5,7692000.0,9381000.0,Vendor B,False,True,synthetic,38460000.0,46905000.0
PO-02961,2025-11-06,Corporate Affairs,SPEC-ENTRY,entry,8,256,False,20,5240000.0,5753000.0,Vendor B,True,True,synthetic,104800000.0,115060000.0
PO-02962,2025-03-18,Finance & Risk,SPEC-ENTRY,entry,8,256,False,5,5231000.0,5716000.0,Vendor C,True,True,synthetic,26155000.0,28580000.0
PO-02963,2025-07-23,Finance & Risk,SPEC-MID,mid,16,512,False,25,8876000.0,8526000.0,Vendor E,True,True,synthetic,221900000.0,213150000.0
PO-02964,2026-04-18,Finance & Risk,SPEC-MID,mid,16,512,False,20,8782000.0,8708000.0,Vendor D,True,True,synthetic,175640000.0,174160000.0
PO-02965,2026-03-25,Finance & Risk,SPEC-ENTRY,entry,8,256,False,50,5182000.0,6400000.0,Vendor B,True,False,synthetic,259100000.0,320000000.0
PO-02966,2025-07-31,Corporate Affairs,SPEC-ENTRY,entry,8,256,False,40,5421000.0,6360000.0,Vendor C,False,True,synthetic,216840000.0,254400000.0
PO-02967,2025-08-14,Compliance,SPEC-ENTRY,entry,8,256,False,5,5896000.0,5121000.0,Vendor C,True,False,synthetic,29480000.0,25605000.0
PO-02968,2024-12-22,Retail Banking,SPEC-ENTRY,entry,8,256,False,15,5134000.0,4945000.0,Vendor E,True,True,synthetic,77010000.0,74175000.0
PO-02969,2024-09-19,Retail Banking,SPEC-ENTRY,entry,8,256,False,20,5754000.0,5236000.0,Vendor A,True,True,synthetic,115080000.0,104720000.0
PO-02970,2026-02-27,Retail Banking,SPEC-ENTRY,entry,8,256,False,15,5178000.0,6242000.0,Vendor B,True,False,synthetic,77670000.0,93630000.0
PO-02971,2025-04-29,Finance & Risk,SPEC-HIGH,high,16,512,True,40,21841000.0,24265000.0,Vendor E,True,True,synthetic,873640000.0,970600000.0
PO-02972,2026-07-06,Compliance,SPEC-HIGH,high,16,512,True,10,20334000.0,24488000.0,Vendor D,True,True,synthetic,203340000.0,244880000.0
PO-02973,2024-12-26,Corporate Affairs,SPEC-HIGH,high,16,512,True,30,19684000.0,22834000.0,Vendor A,False,True,synthetic,590520000.0,685020000.0
PO-02974,2024-09-30,IT & Digital,SPEC-HIGH,high,16,512,True,15,19902000.0,22827000.0,Vendor E,True,True,synthetic,298530000.0,342405000.0
PO-02975,2025-08-18,Compliance,SPEC-MID,mid,16,512,False,30,7962000.0,8258000.0,Vendor B,False,True,synthetic,238860000.0,247740000.0
PO-02976,2026-02-21,Operations,SPEC-HIGH,high,16,512,True,15,20758000.0,20139000.0,Vendor C,False,True,synthetic,311370000.0,302085000.0
PO-02977,2025-08-05,IT & Digital,SPEC-HIGH,high,16,512,True,10,20676000.0,21219000.0,Vendor C,False,False,synthetic,206760000.0,212190000.0
PO-02978,2024-11-06,Operations,SPEC-PREMIUM,premium,16,512,False,20,20925000.0,20347000.0,Vendor E,False,True,synthetic,418500000.0,406940000.0
PO-02979,2025-08-23,Corporate Affairs,SPEC-MID,mid,16,512,False,25,8693000.0,9556000.0,Vendor B,True,True,synthetic,217325000.0,238900000.0
PO-02980,2025-07-01,IT & Digital,SPEC-ENTRY,entry,8,256,False,10,5557000.0,5655000.0,Vendor E,False,True,synthetic,55570000.0,56550000.0
PO-02981,2024-12-02,IT & Digital,SPEC-HIGH,high,16,512,True,10,20608000.0,21250000.0,Vendor B,False,False,synthetic,206080000.0,212500000.0
PO-02982,2025-04-13,Corporate Affairs,SPEC-ENTRY,entry,8,256,False,10,5733000.0,5355000.0,Vendor E,True,False,synthetic,57330000.0,53550000.0
PO-02983,2025-03-29,Finance & Risk,SPEC-MID,mid,16,512,False,20,8603000.0,9443000.0,Vendor C,True,False,synthetic,172060000.0,188860000.0
PO-02984,2024-12-13,Retail Banking,SPEC-ENTRY,entry,8,256,False,5,5979000.0,5223000.0,Vendor A,False,True,synthetic,29895000.0,26115000.0
PO-02985,2024-12-06,Finance & Risk,SPEC-MID,mid,16,512,False,5,8675000.0,9254000.0,Vendor A,False,True,synthetic,43375000.0,46270000.0
PO-02986,2024-11-16,Corporate Affairs,SPEC-ENTRY,entry,8,256,False,25,5572000.0,5211000.0,Vendor A,False,True,synthetic,139300000.0,130275000.0
PO-02987,2025-12-12,IT & Digital,SPEC-ENTRY,entry,8,256,False,15,5116000.0,6114000.0,Vendor C,True,True,synthetic,76740000.0,91710000.0
PO-02988,2025-04-18,Compliance,SPEC-MID,mid,16,512,False,10,8835000.0,9008000.0,Vendor B,True,True,synthetic,88350000.0,90080000.0
PO-02989,2026-03-18,IT & Digital,SPEC-ENTRY,entry,8,256,False,10,5120000.0,5083000.0,Vendor A,True,True,synthetic,51200000.0,50830000.0
PO-02990,2025-04-16,IT & Digital,SPEC-MID,mid,16,512,False,10,8887000.0,8788000.0,Vendor A,True,True,synthetic,88870000.0,87880000.0
PO-02991,2026-05-09,Compliance,SPEC-MID,mid,16,512,False,30,8318000.0,9536000.0,Vendor E,True,True,synthetic,249540000.0,286080000.0
PO-02992,2025-09-03,Retail Banking,SPEC-MID,mid,16,512,False,10,8573000.0,9176000.0,Vendor C,True,True,synthetic,85730000.0,91760000.0
PO-02993,2025-03-16,IT & Digital,SPEC-MID,mid,16,512,False,25,8658000.0,8483000.0,Vendor E,False,True,synthetic,216450000.0,212075000.0
PO-02994,2025-04-27,Corporate Affairs,SPEC-HIGH,high,16,512,True,30,20292000.0,22000000.0,Vendor D,True,True,synthetic,608760000.0,660000000.0
PO-02995,2026-07-19,Corporate Affairs,SPEC-HIGH,high,16,512,True,50,20753000.0,22312000.0,Vendor D,True,True,synthetic,1037650000.0,1115600000.0
PO-02996,2025-03-07,Corporate Affairs,SPEC-HIGH,high,16,512,True,25,20224000.0,20734000.0,Vendor C,True,False,synthetic,505600000.0,518350000.0
PO-02997,2026-02-12,Retail Banking,SPEC-PREMIUM,premium,16,512,False,20,22419000.0,20168000.0,Vendor C,False,True,synthetic,448380000.0,403360000.0
PO-02998,2025-04-28,Operations,SPEC-MID,mid,16,512,False,5,7867000.0,9385000.0,Vendor E,True,True,synthetic,39335000.0,46925000.0
PO-02999,2025-05-28,Finance & Risk,SPEC-MID,mid,16,512,False,20,8885000.0,8135000.0,Vendor C,False,True,synthetic,177700000.0,162700000.0
PO-03000,2025-02-28,Compliance,SPEC-PREMIUM,premium,16,512,False,25,21394000.0,22118000.0,Vendor A,True,True,synthetic,534850000.0,552950000.0
PO-03001,2026-02-24,Finance & Risk,SPEC-ENTRY,entry,8,256,False,20,5523000.0,6071000.0,Vendor D,True,False,synthetic,110460000.0,121420000.0
PO-03002,2025-05-16,Finance & Risk,SPEC-MID,mid,16,512,False,50,7946000.0,8172000.0,Vendor A,True,True,synthetic,397300000.0,408600000.0
PO-03003,2025-09-05,Operations,SPEC-ENTRY,entry,8,256,False,20,5347000.0,6488000.0,Vendor D,True,True,synthetic,106940000.0,129760000.0
PO-03004,2026-07-13,Operations,SPEC-ENTRY,entry,8,256,False,30,5555000.0,6089000.0,Vendor C,True,False,synthetic,166650000.0,182670000.0
PO-03005,2025-09-08,Retail Banking,SPEC-ENTRY,entry,8,256,False,15,5861000.0,4957000.0,Vendor A,True,False,synthetic,87915000.0,74355000.0
PO-03006,2024-10-31,Retail Banking,SPEC-ENTRY,entry,8,256,False,10,5171000.0,5156000.0,Vendor E,False,True,synthetic,51710000.0,51560000.0
PO-03007,2026-05-24,Corporate Affairs,SPEC-ENTRY,entry,8,256,False,5,5507000.0,5464000.0,Vendor C,True,True,synthetic,27535000.0,27320000.0
PO-03008,2026-03-04,Compliance,SPEC-MID,mid,16,512,False,20,8482000.0,9506000.0,Vendor C,True,True,synthetic,169640000.0,190120000.0
PO-03009,2025-11-11,Finance & Risk,SPEC-MID,mid,16,512,False,25,8493000.0,8415000.0,Vendor C,False,False,synthetic,212325000.0,210375000.0
PO-03010,2025-11-14,Compliance,SPEC-MID,mid,16,512,False,10,7890000.0,8500000.0,Vendor D,True,False,synthetic,78900000.0,85000000.0
PO-03011,2026-05-15,Compliance,SPEC-MID,mid,16,512,False,15,7993000.0,9013000.0,Vendor B,False,True,synthetic,119895000.0,135195000.0
PO-03012,2026-06-08,Retail Banking,SPEC-ENTRY,entry,8,256,False,5,5184000.0,5530000.0,Vendor B,True,True,synthetic,25920000.0,27650000.0
PO-03013,2024-12-25,IT & Digital,SPEC-HIGH,high,16,512,True,10,19741000.0,23885000.0,Vendor C,True,True,synthetic,197410000.0,238850000.0
PO-03014,2025-07-03,Operations,SPEC-ENTRY,entry,8,256,False,5,5200000.0,6476000.0,Vendor C,True,False,synthetic,26000000.0,32380000.0
PO-03015,2025-02-24,Compliance,SPEC-ENTRY,entry,8,256,False,5,5828000.0,5337000.0,Vendor A,True,False,synthetic,29140000.0,26685000.0
PO-03016,2025-09-11,IT & Digital,SPEC-MID,mid,16,512,False,20,7922000.0,9030000.0,Vendor C,True,False,synthetic,158440000.0,180600000.0
PO-03017,2025-10-23,Corporate Affairs,SPEC-HIGH,high,16,512,True,20,20279000.0,19362000.0,Vendor B,True,True,synthetic,405580000.0,387240000.0
PO-03018,2025-11-02,Retail Banking,SPEC-HIGH,high,16,512,True,5,20539000.0,22440000.0,Vendor B,True,True,synthetic,102695000.0,112200000.0
PO-03019,2026-06-22,Compliance,SPEC-ENTRY,entry,8,256,False,20,5695000.0,6483000.0,Vendor C,True,True,synthetic,113900000.0,129660000.0
